<?xml version="1.0" encoding="UTF-8"?>
<InterchangeDescriptors xsi:schemaLocation="http://ed-fi.org/0120 
../../../Ed-Fi-Core/Ed-Fi-Standard/Schemas/Interchange-Descriptors.xsd" xmlns="http://ed-fi.org/0120" xmlns:xsi="http://www.w3.org/2001/XMLSchema-instance">
	<AccommodationDescriptor namespace="http://www.ed-fi.org/CEDSDescriptor/AccommodationDescriptor.xml">
		<CodeValue>03513</CodeValue>
		<ShortDescription>03513</ShortDescription>
		<Description>Additional example items/tasks</Description>
		<AccommodationMap>Other</AccommodationMap>
	</AccommodationDescriptor>
	<AccommodationDescriptor namespace="http://www.ed-fi.org/CEDSDescriptor/AccommodationDescriptor.xml">
		<CodeValue>00461</CodeValue>
		<ShortDescription>00461</ShortDescription>
		<Description>Adjustable swivel arm</Description>
		<AccommodationMap>Settings accommodation</AccommodationMap>
	</AccommodationDescriptor>
	<AccommodationDescriptor namespace="http://www.ed-fi.org/CEDSDescriptor/AccommodationDescriptor.xml">
		<CodeValue>00462</CodeValue>
		<ShortDescription>00462</ShortDescription>
		<Description>Adjustable table height</Description>
		<AccommodationMap>Settings accommodation</AccommodationMap>
	</AccommodationDescriptor>
	<AccommodationDescriptor namespace="http://www.ed-fi.org/CEDSDescriptor/AccommodationDescriptor.xml">
		<CodeValue>03514</CodeValue>
		<ShortDescription>03514</ShortDescription>
		<Description>Administration in several sessions</Description>
		<AccommodationMap>Scheduling accommodation</AccommodationMap>
	</AccommodationDescriptor>
	<AccommodationDescriptor namespace="http://www.ed-fi.org/CEDSDescriptor/AccommodationDescriptor.xml">
		<CodeValue>13803</CodeValue>
		<ShortDescription>13803</ShortDescription>
		<Description>Alternate representation</Description>
		<AccommodationMap>Other</AccommodationMap>
	</AccommodationDescriptor>
	<AccommodationDescriptor namespace="http://www.ed-fi.org/CEDSDescriptor/AccommodationDescriptor.xml">
		<CodeValue>13793</CodeValue>
		<ShortDescription>13793</ShortDescription>
		<Description>Answer masking</Description>
		<AccommodationMap>Settings accommodation</AccommodationMap>
	</AccommodationDescriptor>
	<AccommodationDescriptor namespace="http://www.ed-fi.org/CEDSDescriptor/AccommodationDescriptor.xml">
		<CodeValue>03515</CodeValue>
		<ShortDescription>03515</ShortDescription>
		<Description>Answers written directly in test booklet</Description>
		<AccommodationMap>English language learner accommodation</AccommodationMap>
	</AccommodationDescriptor>
	<AccommodationDescriptor namespace="http://www.ed-fi.org/CEDSDescriptor/AccommodationDescriptor.xml">
		<CodeValue>03517</CodeValue>
		<ShortDescription>03517</ShortDescription>
		<Description>Arithmetic table (math or science)</Description>
		<AccommodationMap>Student equipment/technology</AccommodationMap>
	</AccommodationDescriptor>
	<AccommodationDescriptor namespace="http://www.ed-fi.org/CEDSDescriptor/AccommodationDescriptor.xml">
		<CodeValue>03516</CodeValue>
		<ShortDescription>03516</ShortDescription>
		<Description>Assessment in native language</Description>
		<AccommodationMap>English language learner accommodation</AccommodationMap>
	</AccommodationDescriptor>
	<AccommodationDescriptor namespace="http://www.ed-fi.org/CEDSDescriptor/AccommodationDescriptor.xml">
		<CodeValue>03519</CodeValue>
		<ShortDescription>03519</ShortDescription>
		<Description>Assistive device that does interfere with independent work of the student</Description>
		<AccommodationMap>Student equipment/technology</AccommodationMap>
	</AccommodationDescriptor>
	<AccommodationDescriptor namespace="http://www.ed-fi.org/CEDSDescriptor/AccommodationDescriptor.xml">
		<CodeValue>03518</CodeValue>
		<ShortDescription>03518</ShortDescription>
		<Description>Assistive device that does not interfere with independent work of the student</Description>
		<AccommodationMap>Student equipment/technology</AccommodationMap>
	</AccommodationDescriptor>
	<AccommodationDescriptor namespace="http://www.ed-fi.org/CEDSDescriptor/AccommodationDescriptor.xml">
		<CodeValue>03521</CodeValue>
		<ShortDescription>03521</ShortDescription>
		<Description>Audio cassette player</Description>
		<AccommodationMap>Student equipment/technology</AccommodationMap>
	</AccommodationDescriptor>
	<AccommodationDescriptor namespace="http://www.ed-fi.org/CEDSDescriptor/AccommodationDescriptor.xml">
		<CodeValue>03520</CodeValue>
		<ShortDescription>03520</ShortDescription>
		<Description>Audiotape or CD</Description>
		<AccommodationMap>Student equipment/technology</AccommodationMap>
	</AccommodationDescriptor>
	<AccommodationDescriptor namespace="http://www.ed-fi.org/CEDSDescriptor/AccommodationDescriptor.xml">
		<CodeValue>13791</CodeValue>
		<ShortDescription>13791</ShortDescription>
		<Description>Auditory calming</Description>
		<AccommodationMap>Test administration accommodation</AccommodationMap>
	</AccommodationDescriptor>
	<AccommodationDescriptor namespace="http://www.ed-fi.org/CEDSDescriptor/AccommodationDescriptor.xml">
		<CodeValue>00463</CodeValue>
		<ShortDescription>00463</ShortDescription>
		<Description>Braille</Description>
		<AccommodationMap>English language learner accommodation</AccommodationMap>
	</AccommodationDescriptor>
	<AccommodationDescriptor namespace="http://www.ed-fi.org/CEDSDescriptor/AccommodationDescriptor.xml">
		<CodeValue>03522</CodeValue>
		<ShortDescription>03522</ShortDescription>
		<Description>Braille writer, no thesaurus, spell- or grammar-checker</Description>
		<AccommodationMap>English language learner accommodation</AccommodationMap>
	</AccommodationDescriptor>
	<AccommodationDescriptor namespace="http://www.ed-fi.org/CEDSDescriptor/AccommodationDescriptor.xml">
		<CodeValue>03523</CodeValue>
		<ShortDescription>03523</ShortDescription>
		<Description>Breaks during testing</Description>
		<AccommodationMap>Test material accommodation</AccommodationMap>
	</AccommodationDescriptor>
	<AccommodationDescriptor namespace="http://www.ed-fi.org/CEDSDescriptor/AccommodationDescriptor.xml">
		<CodeValue>03524</CodeValue>
		<ShortDescription>03524</ShortDescription>
		<Description>Calculator (math or science)</Description>
		<AccommodationMap>Student equipment/technology</AccommodationMap>
	</AccommodationDescriptor>
	<AccommodationDescriptor namespace="http://www.ed-fi.org/CEDSDescriptor/AccommodationDescriptor.xml">
		<CodeValue>13800</CodeValue>
		<ShortDescription>13800</ShortDescription>
		<Description>Calculator (math or science)</Description>
		<AccommodationMap>Student equipment/technology</AccommodationMap>
	</AccommodationDescriptor>
</InterchangeDescriptors>
