<?xml version="1.0" encoding="UTF-8"?>
<InterchangeDescriptors xsi:schemaLocation="http://ed-fi.org/0120 
../../../Ed-Fi-Core/Ed-Fi-Standard/Schemas/Interchange-Descriptors.xsd" xmlns="http://ed-fi.org/0120" xmlns:xsi="http://www.w3.org/2001/XMLSchema-instance">
	<AdministrativeFundingControlDescriptor namespace="http://www.ed-fi.org/CEDSDescriptor/AdministrativeFundingControlDescriptor.xml">
		<ShortDescription>Public</ShortDescription>
		<Description>Public School</Description>
		<AdministrativeFundingControlMap>Public School</AdministrativeFundingControlMap>
	</AdministrativeFundingControlDescriptor>
	<AdministrativeFundingControlDescriptor namespace="http://www.ed-fi.org/CEDSDescriptor/AdministrativeFundingControlDescriptor.xml">
		<ShortDescription>Private</ShortDescription>
		<Description>Private School</Description>
		<AdministrativeFundingControlMap>Private School</AdministrativeFundingControlMap>
	</AdministrativeFundingControlDescriptor>
	<AdministrativeFundingControlDescriptor namespace="http://www.ed-fi.org/CEDSDescriptor/AdministrativeFundingControlDescriptor.xml">
		<ShortDescription>Other</ShortDescription>
		<Description>Other</Description>
		<AdministrativeFundingControlMap>Other</AdministrativeFundingControlMap>
	</AdministrativeFundingControlDescriptor>
</InterchangeDescriptors>
