<?xml version="1.0" encoding="UTF-8"?>
<InterchangeDescriptors xmlns="http://ed-fi.org/0120" xmlns:xsi="http://www.w3.org/2001/XMLSchema-instance" xsi:schemaLocation="http://ed-fi.org/0120 
../../../Ed-Fi-Core/Ed-Fi-Standard/Schemas/Interchange-Descriptors.xsd">
	<BehaviorDescriptor namespace="http://www.ed-fi.org/CEDSDescriptor/BehaviorDescriptor.xml">
		<CodeValue>04618</CodeValue>
		<ShortDescription>04618</ShortDescription>
		<Description>Alcohol</Description>
		<BehaviorMap>School Violation</BehaviorMap>
	</BehaviorDescriptor>
	<BehaviorDescriptor namespace="http://www.ed-fi.org/CEDSDescriptor/BehaviorDescriptor.xml">
		<CodeValue>04625</CodeValue>
		<ShortDescription>04625</ShortDescription>
		<Description>Arson</Description>
		<BehaviorMap>State Offense</BehaviorMap>
	</BehaviorDescriptor>
	<BehaviorDescriptor namespace="http://www.ed-fi.org/CEDSDescriptor/BehaviorDescriptor.xml">
		<CodeValue>04626</CodeValue>
		<ShortDescription>04626</ShortDescription>
		<Description>Attendance Policy Violation</Description>
		<BehaviorMap>School Code of Conduct</BehaviorMap>
	</BehaviorDescriptor>
	<BehaviorDescriptor namespace="http://www.ed-fi.org/CEDSDescriptor/BehaviorDescriptor.xml">
		<CodeValue>04632</CodeValue>
		<ShortDescription>04632</ShortDescription>
		<Description>Battery</Description>
		<BehaviorMap>School Violation</BehaviorMap>
	</BehaviorDescriptor>
	<BehaviorDescriptor namespace="http://www.ed-fi.org/CEDSDescriptor/BehaviorDescriptor.xml">
		<CodeValue>04633</CodeValue>
		<ShortDescription>04633</ShortDescription>
		<Description>Burglary/Breaking and Entering</Description>
		<BehaviorMap>State Offense</BehaviorMap>
	</BehaviorDescriptor>
	<BehaviorDescriptor namespace="http://www.ed-fi.org/CEDSDescriptor/BehaviorDescriptor.xml">
		<CodeValue>04634</CodeValue>
		<ShortDescription>04634</ShortDescription>
		<Description>Disorderly Conduct</Description>
		<BehaviorMap>School Code of Conduct</BehaviorMap>
	</BehaviorDescriptor>
	<BehaviorDescriptor namespace="http://www.ed-fi.org/CEDSDescriptor/BehaviorDescriptor.xml">
		<CodeValue>04635</CodeValue>
		<ShortDescription>04635</ShortDescription>
		<Description>Drugs Excluding Alcohol and Tobacco</Description>
		<BehaviorMap>State Offense</BehaviorMap>
	</BehaviorDescriptor>
	<BehaviorDescriptor namespace="http://www.ed-fi.org/CEDSDescriptor/BehaviorDescriptor.xml">
		<CodeValue>04645</CodeValue>
		<ShortDescription>04645</ShortDescription>
		<Description>Fighting</Description>
		<BehaviorMap>School Violation</BehaviorMap>
	</BehaviorDescriptor>
	<BehaviorDescriptor namespace="http://www.ed-fi.org/CEDSDescriptor/BehaviorDescriptor.xml">
		<CodeValue>13354</CodeValue>
		<ShortDescription>13354</ShortDescription>
		<Description>Harassment or bullying on the basis of disability</Description>
		<BehaviorMap>State Offense</BehaviorMap>
	</BehaviorDescriptor>
	<BehaviorDescriptor namespace="http://www.ed-fi.org/CEDSDescriptor/BehaviorDescriptor.xml">
		<CodeValue>13355</CodeValue>
		<ShortDescription>13355</ShortDescription>
		<Description>Harassment or bullying on the basis of race, color, or national origin</Description>
		<BehaviorMap>State Offense</BehaviorMap>
	</BehaviorDescriptor>
	<BehaviorDescriptor namespace="http://www.ed-fi.org/CEDSDescriptor/BehaviorDescriptor.xml">
		<CodeValue>13356</CodeValue>
		<ShortDescription>13356</ShortDescription>
		<Description>Harassment or bullying on the basis of sex</Description>
		<BehaviorMap>State Offense</BehaviorMap>
	</BehaviorDescriptor>
	<BehaviorDescriptor namespace="http://www.ed-fi.org/CEDSDescriptor/BehaviorDescriptor.xml">
		<CodeValue>04646</CodeValue>
		<ShortDescription>04646</ShortDescription>
		<Description>Harassment, Nonsexual</Description>
		<BehaviorMap>State Offense</BehaviorMap>
	</BehaviorDescriptor>
	<BehaviorDescriptor namespace="http://www.ed-fi.org/CEDSDescriptor/BehaviorDescriptor.xml">
		<CodeValue>04650</CodeValue>
		<ShortDescription>04650</ShortDescription>
		<Description>Harassment, Sexual</Description>
		<BehaviorMap>State Offense</BehaviorMap>
	</BehaviorDescriptor>
	<BehaviorDescriptor namespace="http://www.ed-fi.org/CEDSDescriptor/BehaviorDescriptor.xml">
		<CodeValue>04651</CodeValue>
		<ShortDescription>04651</ShortDescription>
		<Description>Homicide</Description>
		<BehaviorMap>State Offense</BehaviorMap>
	</BehaviorDescriptor>
	<BehaviorDescriptor namespace="http://www.ed-fi.org/CEDSDescriptor/BehaviorDescriptor.xml">
		<CodeValue>04652</CodeValue>
		<ShortDescription>04652</ShortDescription>
		<Description>Inappropriate Use of Medication</Description>
		<BehaviorMap>School Violation</BehaviorMap>
	</BehaviorDescriptor>
	<BehaviorDescriptor namespace="http://www.ed-fi.org/CEDSDescriptor/BehaviorDescriptor.xml">
		<CodeValue>04659</CodeValue>
		<ShortDescription>04659</ShortDescription>
		<Description>Insubordination</Description>
		<BehaviorMap>School Code of Conduct</BehaviorMap>
	</BehaviorDescriptor>
	<BehaviorDescriptor namespace="http://www.ed-fi.org/CEDSDescriptor/BehaviorDescriptor.xml">
		<CodeValue>04660</CodeValue>
		<ShortDescription>04660</ShortDescription>
		<Description>Kidnapping</Description>
		<BehaviorMap>State Offense</BehaviorMap>
	</BehaviorDescriptor>
	<BehaviorDescriptor namespace="http://www.ed-fi.org/CEDSDescriptor/BehaviorDescriptor.xml">
		<CodeValue>04661</CodeValue>
		<ShortDescription>04661</ShortDescription>
		<Description>Obscene Behavior</Description>
		<BehaviorMap>School Violation</BehaviorMap>
	</BehaviorDescriptor>
	<BehaviorDescriptor namespace="http://www.ed-fi.org/CEDSDescriptor/BehaviorDescriptor.xml">
		<CodeValue>04669</CodeValue>
		<ShortDescription>04669</ShortDescription>
		<Description>Physical Altercation, Minor</Description>
		<BehaviorMap>School Violation</BehaviorMap>
	</BehaviorDescriptor>
	<BehaviorDescriptor namespace="http://www.ed-fi.org/CEDSDescriptor/BehaviorDescriptor.xml">
		<CodeValue>04670</CodeValue>
		<ShortDescription>04670</ShortDescription>
		<Description>Robbery</Description>
		<BehaviorMap>State Offense</BehaviorMap>
	</BehaviorDescriptor>
	<BehaviorDescriptor namespace="http://www.ed-fi.org/CEDSDescriptor/BehaviorDescriptor.xml">
		<CodeValue>04671</CodeValue>
		<ShortDescription>04671</ShortDescription>
		<Description>School Threat</Description>
		<BehaviorMap>School Violation</BehaviorMap>
	</BehaviorDescriptor>
	<BehaviorDescriptor namespace="http://www.ed-fi.org/CEDSDescriptor/BehaviorDescriptor.xml">
		<CodeValue>04677</CodeValue>
		<ShortDescription>04677</ShortDescription>
		<Description>Sexual Battery (sexual assault)</Description>
		<BehaviorMap>State Offense</BehaviorMap>
	</BehaviorDescriptor>
	<BehaviorDescriptor namespace="http://www.ed-fi.org/CEDSDescriptor/BehaviorDescriptor.xml">
		<CodeValue>04678</CodeValue>
		<ShortDescription>04678</ShortDescription>
		<Description>Sexual Offenses, Other (lewd behavior, indecent exposure)</Description>
		<BehaviorMap>State Offense</BehaviorMap>
	</BehaviorDescriptor>
	<BehaviorDescriptor namespace="http://www.ed-fi.org/CEDSDescriptor/BehaviorDescriptor.xml">
		<CodeValue>04682</CodeValue>
		<ShortDescription>04682</ShortDescription>
		<Description>Theft</Description>
		<BehaviorMap>State Offense</BehaviorMap>
	</BehaviorDescriptor>
	<BehaviorDescriptor namespace="http://www.ed-fi.org/CEDSDescriptor/BehaviorDescriptor.xml">
		<CodeValue>04686</CodeValue>
		<ShortDescription>04686</ShortDescription>
		<Description>Threat/Intimidation</Description>
		<BehaviorMap>School Violation</BehaviorMap>
	</BehaviorDescriptor>
	<BehaviorDescriptor namespace="http://www.ed-fi.org/CEDSDescriptor/BehaviorDescriptor.xml">
		<CodeValue>04692</CodeValue>
		<ShortDescription>04692</ShortDescription>
		<Description>Tobacco Possession or Use</Description>
		<BehaviorMap>School Violation</BehaviorMap>
	</BehaviorDescriptor>
	<BehaviorDescriptor namespace="http://www.ed-fi.org/CEDSDescriptor/BehaviorDescriptor.xml">
		<CodeValue>04699</CodeValue>
		<ShortDescription>04699</ShortDescription>
		<Description>Trespassing</Description>
		<BehaviorMap>School Violation</BehaviorMap>
	</BehaviorDescriptor>
	<BehaviorDescriptor namespace="http://www.ed-fi.org/CEDSDescriptor/BehaviorDescriptor.xml">
		<CodeValue>04700</CodeValue>
		<ShortDescription>04700</ShortDescription>
		<Description>Vandalism</Description>
		<BehaviorMap>State Offense</BehaviorMap>
	</BehaviorDescriptor>
	<BehaviorDescriptor namespace="http://www.ed-fi.org/CEDSDescriptor/BehaviorDescriptor.xml">
		<CodeValue>04704</CodeValue>
		<ShortDescription>04704</ShortDescription>
		<Description>Violation of School Rules</Description>
		<BehaviorMap>School Code of Conduct</BehaviorMap>
	</BehaviorDescriptor>
	<BehaviorDescriptor namespace="http://www.ed-fi.org/CEDSDescriptor/BehaviorDescriptor.xml">
		<CodeValue>04705</CodeValue>
		<ShortDescription>04705</ShortDescription>
		<Description>Weapons Possession</Description>
		<BehaviorMap>School Violation</BehaviorMap>
	</BehaviorDescriptor>
</InterchangeDescriptors>
