<?xml version="1.0" encoding="UTF-8"?>
<InterchangeDescriptors xsi:schemaLocation="http://ed-fi.org/0120 
../../../Ed-Fi-Core/Ed-Fi-Standard/Schemas/Interchange-Descriptors.xsd" xmlns="http://ed-fi.org/0120" xmlns:xsi="http://www.w3.org/2001/XMLSchema-instance">
	<CalendarEventDescriptor namespace="http://www.ed-fi.org/CEDSDescriptor/CalendarEventDescriptorDescriptor.xml">
		<ShortDescription>EmergencyDay</ShortDescription>
		<Description>Emergency day</Description>
		<CalendarEventMap>Emergency day</CalendarEventMap>
	</CalendarEventDescriptor>
	<CalendarEventDescriptor namespace="http://www.ed-fi.org/CEDSDescriptor/CalendarEventDescriptorDescriptor.xml">
		<ShortDescription>Holiday</ShortDescription>
		<Description>Holiday</Description>
		<CalendarEventMap>Holiday</CalendarEventMap>
	</CalendarEventDescriptor>
	<CalendarEventDescriptor namespace="http://www.ed-fi.org/CEDSDescriptor/CalendarEventDescriptorDescriptor.xml">
		<ShortDescription>Other</ShortDescription>
		<Description>Other</Description>
		<CalendarEventMap>Other</CalendarEventMap>
	</CalendarEventDescriptor>
	<CalendarEventDescriptor namespace="http://www.ed-fi.org/CEDSDescriptor/CalendarEventDescriptorDescriptor.xml">
		<ShortDescription>Strike</ShortDescription>
		<Description>Strike</Description>
		<CalendarEventMap>Strike</CalendarEventMap>
	</CalendarEventDescriptor>
	<CalendarEventDescriptor namespace="http://www.ed-fi.org/CEDSDescriptor/CalendarEventDescriptorDescriptor.xml">
		<ShortDescription>LateArrivalEarlyDismissal</ShortDescription>
		<Description>Student late arrival/early dismissal</Description>
		<CalendarEventMap>Student late arrival/early dismissal</CalendarEventMap>
	</CalendarEventDescriptor>
	<CalendarEventDescriptor namespace="http://www.ed-fi.org/CEDSDescriptor/CalendarEventDescriptorDescriptor.xml">
		<ShortDescription>TeacherOnlyDay</ShortDescription>
		<Description>Teacher only day</Description>
		<CalendarEventMap>Teacher only day</CalendarEventMap>
	</CalendarEventDescriptor>
</InterchangeDescriptors>
