<?xml version="1.0" encoding="UTF-8"?>
<InterchangeDescriptors xsi:schemaLocation="http://ed-fi.org/0120 
../../../Ed-Fi-Core/Ed-Fi-Standard/Schemas/Interchange-Descriptors.xsd" xmlns="http://ed-fi.org/0120" xmlns:xsi="http://www.w3.org/2001/XMLSchema-instance">
	<ClassroomPositionDescriptor namespace="http://www.ed-fi.org/CEDSDescriptor/ClassroomPositionDescriptor.xml">
		<CodeValue>03187</CodeValue>
		<ShortDescription>03187</ShortDescription>
		<Description>Administrative staff</Description>
		<ClassroomPositionMap>Support Teacher</ClassroomPositionMap>
	</ClassroomPositionDescriptor>
	<ClassroomPositionDescriptor namespace="http://www.ed-fi.org/CEDSDescriptor/ClassroomPositionDescriptor.xml">
		<CodeValue>04725</CodeValue>
		<ShortDescription>04725</ShortDescription>
		<Description>Counselor</Description>
		<ClassroomPositionMap>Support Teacher</ClassroomPositionMap>
	</ClassroomPositionDescriptor>
	<ClassroomPositionDescriptor namespace="http://www.ed-fi.org/CEDSDescriptor/ClassroomPositionDescriptor.xml">
		<CodeValue>05973</CodeValue>
		<ShortDescription>05973</ShortDescription>
		<Description>Instructor of record</Description>
		<ClassroomPositionMap>Teacher of Record</ClassroomPositionMap>
	</ClassroomPositionDescriptor>
	<ClassroomPositionDescriptor namespace="http://www.ed-fi.org/CEDSDescriptor/ClassroomPositionDescriptor.xml">
		<CodeValue>01234</CodeValue>
		<ShortDescription>01234</ShortDescription>
		<Description>Intern</Description>
		<ClassroomPositionMap>Support Teacher</ClassroomPositionMap>
	</ClassroomPositionDescriptor>
	<ClassroomPositionDescriptor namespace="http://www.ed-fi.org/CEDSDescriptor/ClassroomPositionDescriptor.xml">
		<CodeValue>00069</CodeValue>
		<ShortDescription>00069</ShortDescription>
		<Description>Non-instructional staff</Description>
		<ClassroomPositionMap>Support Teacher</ClassroomPositionMap>
	</ClassroomPositionDescriptor>
	<ClassroomPositionDescriptor namespace="http://www.ed-fi.org/CEDSDescriptor/ClassroomPositionDescriptor.xml">
		<CodeValue>09999</CodeValue>
		<ShortDescription>09999</ShortDescription>
		<Description>Other</Description>
		<ClassroomPositionMap>Support Teacher</ClassroomPositionMap>
	</ClassroomPositionDescriptor>
	<ClassroomPositionDescriptor namespace="http://www.ed-fi.org/CEDSDescriptor/ClassroomPositionDescriptor.xml">
		<CodeValue>00059</CodeValue>
		<ShortDescription>00059</ShortDescription>
		<Description>Paraprofessionals/teacher aides</Description>
		<ClassroomPositionMap>Support Teacher</ClassroomPositionMap>
	</ClassroomPositionDescriptor>
	<ClassroomPositionDescriptor namespace="http://www.ed-fi.org/CEDSDescriptor/ClassroomPositionDescriptor.xml">
		<CodeValue>05971</CodeValue>
		<ShortDescription>05971</ShortDescription>
		<Description>Primary instructor</Description>
		<ClassroomPositionMap>Teacher of Record</ClassroomPositionMap>
	</ClassroomPositionDescriptor>
	<ClassroomPositionDescriptor namespace="http://www.ed-fi.org/CEDSDescriptor/ClassroomPositionDescriptor.xml">
		<CodeValue>04735</CodeValue>
		<ShortDescription>04735</ShortDescription>
		<Description>Resource teacher</Description>
		<ClassroomPositionMap>Support Teacher</ClassroomPositionMap>
	</ClassroomPositionDescriptor>
	<ClassroomPositionDescriptor namespace="http://www.ed-fi.org/CEDSDescriptor/ClassroomPositionDescriptor.xml">
		<CodeValue>05972</CodeValue>
		<ShortDescription>05972</ShortDescription>
		<Description>Secondary instructor</Description>
		<ClassroomPositionMap>Substitute Teacher</ClassroomPositionMap>
	</ClassroomPositionDescriptor>
	<ClassroomPositionDescriptor namespace="http://www.ed-fi.org/CEDSDescriptor/ClassroomPositionDescriptor.xml">
		<CodeValue>00080</CodeValue>
		<ShortDescription>00080</ShortDescription>
		<Description>Student teachers</Description>
		<ClassroomPositionMap>Support Teacher</ClassroomPositionMap>
	</ClassroomPositionDescriptor>
	<ClassroomPositionDescriptor namespace="http://www.ed-fi.org/CEDSDescriptor/ClassroomPositionDescriptor.xml">
		<CodeValue>01382</CodeValue>
		<ShortDescription>01382</ShortDescription>
		<Description>Volunteer/no contract</Description>
		<ClassroomPositionMap>Support Teacher</ClassroomPositionMap>
	</ClassroomPositionDescriptor>
</InterchangeDescriptors>
