<?xml version="1.0" encoding="UTF-8"?>
<InterchangeDescriptors xsi:schemaLocation="http://ed-fi.org/0120 
../../../Ed-Fi-Core/Ed-Fi-Standard/Schemas/Interchange-Descriptors.xsd" xmlns="http://ed-fi.org/0120" xmlns:xsi="http://www.w3.org/2001/XMLSchema-instance">
	<CredentialFieldDescriptor namespace="http://www.ed-fi.org/CEDSDescriptor/CredentialFieldDescriptor.xml">
		<CodeValue>01</CodeValue>
		<ShortDescription>01</ShortDescription>
		<Description>English Language and Literature</Description>
		<AcademicSubject namespace="http://www.ed-fi.org/Descriptor/AcademicSubjectDescriptor.xml">
			<Description>Writing</Description>
		</AcademicSubject>
	</CredentialFieldDescriptor>
	<CredentialFieldDescriptor namespace="http://www.ed-fi.org/CEDSDescriptor/CredentialFieldDescriptor.xml">
		<CodeValue>02</CodeValue>
		<ShortDescription>02</ShortDescription>
		<Description>Mathematics</Description>
		<AcademicSubject namespace="http://www.ed-fi.org/Descriptor/AcademicSubjectDescriptor.xml">
			<Description>Mathematics</Description>
		</AcademicSubject>
	</CredentialFieldDescriptor>
	<CredentialFieldDescriptor namespace="http://www.ed-fi.org/CEDSDescriptor/CredentialFieldDescriptor.xml">
		<CodeValue>03</CodeValue>
		<ShortDescription>03</ShortDescription>
		<Description>Life and Physical Sciences</Description>
		<AcademicSubject namespace="http://www.ed-fi.org/Descriptor/AcademicSubjectDescriptor.xml">
			<Description>Life and Physical Sciences</Description>
		</AcademicSubject>
	</CredentialFieldDescriptor>
	<CredentialFieldDescriptor namespace="http://www.ed-fi.org/CEDSDescriptor/CredentialFieldDescriptor.xml">
		<CodeValue>04</CodeValue>
		<ShortDescription>04</ShortDescription>
		<Description>Social Sciences and History</Description>
		<AcademicSubject namespace="http://www.ed-fi.org/Descriptor/AcademicSubjectDescriptor.xml">
			<Description>Social Sciences and History</Description>
		</AcademicSubject>
	</CredentialFieldDescriptor>
	<CredentialFieldDescriptor namespace="http://www.ed-fi.org/CEDSDescriptor/CredentialFieldDescriptor.xml">
		<CodeValue>05</CodeValue>
		<ShortDescription>05</ShortDescription>
		<Description>Fine and Performing Arts</Description>
		<AcademicSubject namespace="http://www.ed-fi.org/Descriptor/AcademicSubjectDescriptor.xml">
			<Description>Fine and Performing Arts</Description>
		</AcademicSubject>
	</CredentialFieldDescriptor>
	<CredentialFieldDescriptor namespace="http://www.ed-fi.org/CEDSDescriptor/CredentialFieldDescriptor.xml">
		<CodeValue>06</CodeValue>
		<ShortDescription>06</ShortDescription>
		<Description>Foreign Language and Literature</Description>
		<AcademicSubject namespace="http://www.ed-fi.org/Descriptor/AcademicSubjectDescriptor.xml">
			<Description>Foreign Language and Literature</Description>
		</AcademicSubject>
	</CredentialFieldDescriptor>
	<CredentialFieldDescriptor namespace="http://www.ed-fi.org/CEDSDescriptor/CredentialFieldDescriptor.xml">
		<CodeValue>07</CodeValue>
		<ShortDescription>07</ShortDescription>
		<Description>Religious Education and Theology</Description>
		<AcademicSubject namespace="http://www.ed-fi.org/Descriptor/AcademicSubjectDescriptor.xml">
			<Description>Religious Education and Theology</Description>
		</AcademicSubject>
	</CredentialFieldDescriptor>
	<CredentialFieldDescriptor namespace="http://www.ed-fi.org/CEDSDescriptor/CredentialFieldDescriptor.xml">
		<CodeValue>08</CodeValue>
		<ShortDescription>08</ShortDescription>
		<Description>Physical, Health, and Safety Education</Description>
		<AcademicSubject namespace="http://www.ed-fi.org/Descriptor/AcademicSubjectDescriptor.xml">
			<Description>Physical, Health, and Safety Education</Description>
		</AcademicSubject>
	</CredentialFieldDescriptor>
	<CredentialFieldDescriptor namespace="http://www.ed-fi.org/CEDSDescriptor/CredentialFieldDescriptor.xml">
		<CodeValue>09</CodeValue>
		<ShortDescription>09</ShortDescription>
		<Description>Military Science</Description>
		<AcademicSubject namespace="http://www.ed-fi.org/Descriptor/AcademicSubjectDescriptor.xml">
			<Description>Military Science</Description>
		</AcademicSubject>
	</CredentialFieldDescriptor>
	<CredentialFieldDescriptor namespace="http://www.ed-fi.org/CEDSDescriptor/CredentialFieldDescriptor.xml">
		<CodeValue>10</CodeValue>
		<ShortDescription>10</ShortDescription>
		<Description>Computer and Information Sciences</Description>
		<AcademicSubject namespace="http://www.ed-fi.org/Descriptor/AcademicSubjectDescriptor.xml">
			<Description>Career and Technical Education</Description>
		</AcademicSubject>
	</CredentialFieldDescriptor>
	<CredentialFieldDescriptor namespace="http://www.ed-fi.org/CEDSDescriptor/CredentialFieldDescriptor.xml">
		<CodeValue>11</CodeValue>
		<ShortDescription>11</ShortDescription>
		<Description>Communication and Audio/Visual Technology</Description>
		<AcademicSubject namespace="http://www.ed-fi.org/Descriptor/AcademicSubjectDescriptor.xml">
			<Description>Career and Technical Education</Description>
		</AcademicSubject>
	</CredentialFieldDescriptor>
	<CredentialFieldDescriptor namespace="http://www.ed-fi.org/CEDSDescriptor/CredentialFieldDescriptor.xml">
		<CodeValue>12</CodeValue>
		<ShortDescription>12</ShortDescription>
		<Description>Business and Marketing</Description>
		<AcademicSubject namespace="http://www.ed-fi.org/Descriptor/AcademicSubjectDescriptor.xml">
			<Description>Career and Technical Education</Description>
		</AcademicSubject>
	</CredentialFieldDescriptor>
	<CredentialFieldDescriptor namespace="http://www.ed-fi.org/CEDSDescriptor/CredentialFieldDescriptor.xml">
		<CodeValue>13</CodeValue>
		<ShortDescription>13</ShortDescription>
		<Description>Manufacturing</Description>
		<AcademicSubject namespace="http://www.ed-fi.org/Descriptor/AcademicSubjectDescriptor.xml">
			<Description>Career and Technical Education</Description>
		</AcademicSubject>
	</CredentialFieldDescriptor>
	<CredentialFieldDescriptor namespace="http://www.ed-fi.org/CEDSDescriptor/CredentialFieldDescriptor.xml">
		<CodeValue>14</CodeValue>
		<ShortDescription>14</ShortDescription>
		<Description>Health Care Sciences</Description>
		<AcademicSubject namespace="http://www.ed-fi.org/Descriptor/AcademicSubjectDescriptor.xml">
			<Description>Career and Technical Education</Description>
		</AcademicSubject>
	</CredentialFieldDescriptor>
	<CredentialFieldDescriptor namespace="http://www.ed-fi.org/CEDSDescriptor/CredentialFieldDescriptor.xml">
		<CodeValue>15</CodeValue>
		<ShortDescription>15</ShortDescription>
		<Description>Public, Protective, and Government Service</Description>
		<AcademicSubject namespace="http://www.ed-fi.org/Descriptor/AcademicSubjectDescriptor.xml">
			<Description>Career and Technical Education</Description>
		</AcademicSubject>
	</CredentialFieldDescriptor>
	<CredentialFieldDescriptor namespace="http://www.ed-fi.org/CEDSDescriptor/CredentialFieldDescriptor.xml">
		<CodeValue>16</CodeValue>
		<ShortDescription>16</ShortDescription>
		<Description>Hospitality and Tourism</Description>
		<AcademicSubject namespace="http://www.ed-fi.org/Descriptor/AcademicSubjectDescriptor.xml">
			<Description>Career and Technical Education</Description>
		</AcademicSubject>
	</CredentialFieldDescriptor>
	<CredentialFieldDescriptor namespace="http://www.ed-fi.org/CEDSDescriptor/CredentialFieldDescriptor.xml">
		<CodeValue>17</CodeValue>
		<ShortDescription>17</ShortDescription>
		<Description>Architecture and Construction</Description>
		<AcademicSubject namespace="http://www.ed-fi.org/Descriptor/AcademicSubjectDescriptor.xml">
			<Description>Career and Technical Education</Description>
		</AcademicSubject>
	</CredentialFieldDescriptor>
	<CredentialFieldDescriptor namespace="http://www.ed-fi.org/CEDSDescriptor/CredentialFieldDescriptor.xml">
		<CodeValue>18</CodeValue>
		<ShortDescription>18</ShortDescription>
		<Description>Agriculture, Food, and Natural Resources</Description>
		<AcademicSubject namespace="http://www.ed-fi.org/Descriptor/AcademicSubjectDescriptor.xml">
			<Description>Career and Technical Education</Description>
		</AcademicSubject>
	</CredentialFieldDescriptor>
	<CredentialFieldDescriptor namespace="http://www.ed-fi.org/CEDSDescriptor/CredentialFieldDescriptor.xml">
		<CodeValue>19</CodeValue>
		<ShortDescription>19</ShortDescription>
		<Description>Human Services</Description>
		<AcademicSubject namespace="http://www.ed-fi.org/Descriptor/AcademicSubjectDescriptor.xml">
			<Description>Career and Technical Education</Description>
		</AcademicSubject>
	</CredentialFieldDescriptor>
	<CredentialFieldDescriptor namespace="http://www.ed-fi.org/CEDSDescriptor/CredentialFieldDescriptor.xml">
		<CodeValue>20</CodeValue>
		<ShortDescription>20</ShortDescription>
		<Description>Transportation, Distribution and Logistics</Description>
		<AcademicSubject namespace="http://www.ed-fi.org/Descriptor/AcademicSubjectDescriptor.xml">
			<Description>Career and Technical Education</Description>
		</AcademicSubject>
	</CredentialFieldDescriptor>
	<CredentialFieldDescriptor namespace="http://www.ed-fi.org/CEDSDescriptor/CredentialFieldDescriptor.xml">
		<CodeValue>21</CodeValue>
		<ShortDescription>21</ShortDescription>
		<Description>Engineering and Technology</Description>
		<AcademicSubject namespace="http://www.ed-fi.org/Descriptor/AcademicSubjectDescriptor.xml">
			<Description>Career and Technical Education</Description>
		</AcademicSubject>
	</CredentialFieldDescriptor>
	<CredentialFieldDescriptor namespace="http://www.ed-fi.org/CEDSDescriptor/CredentialFieldDescriptor.xml">
		<CodeValue>22</CodeValue>
		<ShortDescription>22</ShortDescription>
		<Description>Miscellaneous</Description>
		<AcademicSubject namespace="http://www.ed-fi.org/Descriptor/AcademicSubjectDescriptor.xml">
			<Description>Career and Technical Education</Description>
		</AcademicSubject>
	</CredentialFieldDescriptor>
</InterchangeDescriptors>
