<?xml version="1.0" encoding="UTF-8"?>
<InterchangeDescriptors xmlns="http://ed-fi.org/0120" xmlns:xsi="http://www.w3.org/2001/XMLSchema-instance" xsi:schemaLocation="http://ed-fi.org/0120 
../../../Ed-Fi-Core/Ed-Fi-Standard/Schemas/Interchange-Descriptors.xsd">
	<DisabilityDescriptor namespace="http://www.ed-fi.org/CEDSDescriptor/DisabilityDescriptor.xml">
		<ShortDescription>AUT</ShortDescription>
		<Description>Autism</Description>
		<DisabilityCategory>Individuals with Disabilities Education Act</DisabilityCategory>
		<DisabilityMap>Autism Spectrum Disorders</DisabilityMap>
	</DisabilityDescriptor>
	<DisabilityDescriptor namespace="http://www.ed-fi.org/CEDSDescriptor/DisabilityDescriptor.xml">
		<ShortDescription>DB</ShortDescription>
		<Description>Deaf-blindness</Description>
		<DisabilityCategory>Individuals with Disabilities Education Act</DisabilityCategory>
		<DisabilityMap>Deaf-Blindness</DisabilityMap>
	</DisabilityDescriptor>
	<DisabilityDescriptor namespace="http://www.ed-fi.org/CEDSDescriptor/DisabilityDescriptor.xml">
		<ShortDescription>DD</ShortDescription>
		<Description>Developmental delay</Description>
		<DisabilityCategory>Individuals with Disabilities Education Act</DisabilityCategory>
		<DisabilityMap>Intellectual Disability</DisabilityMap>
	</DisabilityDescriptor>
	<DisabilityDescriptor namespace="http://www.ed-fi.org/CEDSDescriptor/DisabilityDescriptor.xml">
		<ShortDescription>EMN</ShortDescription>
		<Description>Emotional disturbance</Description>
		<DisabilityCategory>Individuals with Disabilities Education Act</DisabilityCategory>
		<DisabilityMap>Serious Emotional Disability</DisabilityMap>
	</DisabilityDescriptor>
	<DisabilityDescriptor namespace="http://www.ed-fi.org/CEDSDescriptor/DisabilityDescriptor.xml">
		<ShortDescription>HI</ShortDescription>
		<Description>Hearing impairment</Description>
		<DisabilityCategory>Individuals with Disabilities Education Act</DisabilityCategory>
		<DisabilityMap>Hearing Impairment, including Deafness</DisabilityMap>
	</DisabilityDescriptor>
	<DisabilityDescriptor namespace="http://www.ed-fi.org/CEDSDescriptor/DisabilityDescriptor.xml">
		<ShortDescription>ID</ShortDescription>
		<Description>Intellectual Disability</Description>
		<DisabilityCategory>Individuals with Disabilities Education Act</DisabilityCategory>
		<DisabilityMap>Intellectual Disability</DisabilityMap>
	</DisabilityDescriptor>
	<DisabilityDescriptor namespace="http://www.ed-fi.org/CEDSDescriptor/DisabilityDescriptor.xml">
		<ShortDescription>MD</ShortDescription>
		<Description>Multiple disabilities</Description>
		<DisabilityCategory>Individuals with Disabilities Education Act</DisabilityCategory>
		<DisabilityMap>Multiple Disabilities</DisabilityMap>
	</DisabilityDescriptor>
	<DisabilityDescriptor namespace="http://www.ed-fi.org/CEDSDescriptor/DisabilityDescriptor.xml">
		<ShortDescription>OI</ShortDescription>
		<Description>Orthopedic impairment</Description>
		<DisabilityCategory>Individuals with Disabilities Education Act</DisabilityCategory>
		<DisabilityMap>Orthopedic Impairment</DisabilityMap>
	</DisabilityDescriptor>
	<DisabilityDescriptor namespace="http://www.ed-fi.org/CEDSDescriptor/DisabilityDescriptor.xml">
		<ShortDescription>OHI</ShortDescription>
		<Description>Other health impairment</Description>
		<DisabilityCategory>Individuals with Disabilities Education Act</DisabilityCategory>
		<DisabilityMap>Other Health Impairment</DisabilityMap>
	</DisabilityDescriptor>
	<DisabilityDescriptor namespace="http://www.ed-fi.org/CEDSDescriptor/DisabilityDescriptor.xml">
		<ShortDescription>SLD</ShortDescription>
		<Description>Specific learning disability</Description>
		<DisabilityCategory>Individuals with Disabilities Education Act</DisabilityCategory>
		<DisabilityMap>Specific Learning Disability</DisabilityMap>
	</DisabilityDescriptor>
	<DisabilityDescriptor namespace="http://www.ed-fi.org/CEDSDescriptor/DisabilityDescriptor.xml">
		<ShortDescription>SLI</ShortDescription>
		<Description>Speech or language impairment</Description>
		<DisabilityCategory>Individuals with Disabilities Education Act</DisabilityCategory>
		<DisabilityMap>Speech or Language Impairment</DisabilityMap>
	</DisabilityDescriptor>
	<DisabilityDescriptor namespace="http://www.ed-fi.org/CEDSDescriptor/DisabilityDescriptor.xml">
		<ShortDescription>TBI</ShortDescription>
		<Description>Traumatic brain injury</Description>
		<DisabilityCategory>Individuals with Disabilities Education Act</DisabilityCategory>
		<DisabilityMap>Traumatic Brain Injury</DisabilityMap>
	</DisabilityDescriptor>
	<DisabilityDescriptor namespace="http://www.ed-fi.org/CEDSDescriptor/DisabilityDescriptor.xml">
		<ShortDescription>VI</ShortDescription>
		<Description>Visual impairment</Description>
		<DisabilityCategory>Individuals with Disabilities Education Act</DisabilityCategory>
		<DisabilityMap>Visual Impairment, including Blindness</DisabilityMap>
	</DisabilityDescriptor>
	<DisabilityDescriptor namespace="http://www.ed-fi.org/CEDSDescriptor/DisabilityDescriptor.xml">
		<ShortDescription>Medical condition</ShortDescription>
		<Description>Medical condition</Description>
		<DisabilityCategory>Section 504</DisabilityCategory>
		<DisabilityMap>Medical condition</DisabilityMap>
	</DisabilityDescriptor>
	<DisabilityDescriptor namespace="http://www.ed-fi.org/CEDSDescriptor/DisabilityDescriptor.xml">
		<ShortDescription>Mental impairment</ShortDescription>
		<Description>Mental impairment</Description>
		<DisabilityCategory>Section 504</DisabilityCategory>
		<DisabilityMap>Mental impairment</DisabilityMap>
	</DisabilityDescriptor>
	<DisabilityDescriptor namespace="http://www.ed-fi.org/CEDSDescriptor/DisabilityDescriptor.xml">
		<ShortDescription>Motor impairment</ShortDescription>
		<Description>Motor impairment</Description>
		<DisabilityCategory>Section 504</DisabilityCategory>
		<DisabilityMap>Motor impairment</DisabilityMap>
	</DisabilityDescriptor>
	<DisabilityDescriptor namespace="http://www.ed-fi.org/CEDSDescriptor/DisabilityDescriptor.xml">
		<ShortDescription>Other</ShortDescription>
		<Description>Other</Description>
		<DisabilityCategory>Section 504</DisabilityCategory>
		<DisabilityMap>Other</DisabilityMap>
	</DisabilityDescriptor>
	<DisabilityDescriptor namespace="http://www.ed-fi.org/CEDSDescriptor/DisabilityDescriptor.xml">
		<ShortDescription>Sensory impairment</ShortDescription>
		<Description>Sensory impairment</Description>
		<DisabilityCategory>Section 504</DisabilityCategory>
		<DisabilityMap>Sensory impairment</DisabilityMap>
	</DisabilityDescriptor>
</InterchangeDescriptors>
