<?xml version="1.0" encoding="UTF-8"?>
<InterchangeDescriptors xmlns="http://ed-fi.org/0120" xmlns:xsi="http://www.w3.org/2001/XMLSchema-instance" xsi:schemaLocation="http://ed-fi.org/0120 
../../../Ed-Fi-Core/Ed-Fi-Standard/Schemas/Interchange-Descriptors.xsd">
	<DisciplineDescriptor namespace="http://www.ed-fi.org/CEDSDescriptor/DisciplineDescriptor.xml">
		<CodeValue>03071</CodeValue>
		<ShortDescription>03071</ShortDescription>
		<Description>Bus suspension</Description>
		<DisciplineMap>Other</DisciplineMap>
	</DisciplineDescriptor>
	<DisciplineDescriptor namespace="http://www.ed-fi.org/CEDSDescriptor/DisciplineDescriptor.xml">
		<CodeValue>03072</CodeValue>
		<ShortDescription>03072</ShortDescription>
		<Description>Change of placement (long-term)</Description>
		<DisciplineMap>Other</DisciplineMap>
	</DisciplineDescriptor>
	<DisciplineDescriptor namespace="http://www.ed-fi.org/CEDSDescriptor/DisciplineDescriptor.xml">
		<CodeValue>03073</CodeValue>
		<ShortDescription>03073</ShortDescription>
		<Description>Change of placement (reassignment), pending an expulsion hearing</Description>
		<DisciplineMap>Removal from Classroom</DisciplineMap>
	</DisciplineDescriptor>
	<DisciplineDescriptor namespace="http://www.ed-fi.org/CEDSDescriptor/DisciplineDescriptor.xml">
		<CodeValue>03074</CodeValue>
		<ShortDescription>03074</ShortDescription>
		<Description>Change of placement (reassignment), resulting from an expulsion hearing</Description>
		<DisciplineMap>Removal from Classroom</DisciplineMap>
	</DisciplineDescriptor>
	<DisciplineDescriptor namespace="http://www.ed-fi.org/CEDSDescriptor/DisciplineDescriptor.xml">
		<CodeValue>03075</CodeValue>
		<ShortDescription>03075</ShortDescription>
		<Description>Change of placement (reassignment), temporary</Description>
		<DisciplineMap>Removal from Classroom</DisciplineMap>
	</DisciplineDescriptor>
	<DisciplineDescriptor namespace="http://www.ed-fi.org/CEDSDescriptor/DisciplineDescriptor.xml">
		<CodeValue>03076</CodeValue>
		<ShortDescription>03076</ShortDescription>
		<Description>Community service</Description>
		<DisciplineMap>Community Service</DisciplineMap>
	</DisciplineDescriptor>
	<DisciplineDescriptor namespace="http://www.ed-fi.org/CEDSDescriptor/DisciplineDescriptor.xml">
		<CodeValue>03077</CodeValue>
		<ShortDescription>03077</ShortDescription>
		<Description>Conference with and warning to student</Description>
		<DisciplineMap>Other</DisciplineMap>
	</DisciplineDescriptor>
	<DisciplineDescriptor namespace="http://www.ed-fi.org/CEDSDescriptor/DisciplineDescriptor.xml">
		<CodeValue>03078</CodeValue>
		<ShortDescription>03078</ShortDescription>
		<Description>Conference with and warning to student and parent/guardian</Description>
		<DisciplineMap>Other</DisciplineMap>
	</DisciplineDescriptor>
	<DisciplineDescriptor namespace="http://www.ed-fi.org/CEDSDescriptor/DisciplineDescriptor.xml">
		<CodeValue>03079</CodeValue>
		<ShortDescription>03079</ShortDescription>
		<Description>Confiscation of contraband</Description>
		<DisciplineMap>Other</DisciplineMap>
	</DisciplineDescriptor>
	<DisciplineDescriptor namespace="http://www.ed-fi.org/CEDSDescriptor/DisciplineDescriptor.xml">
		<CodeValue>03080</CodeValue>
		<ShortDescription>03080</ShortDescription>
		<Description>Conflict resolution or anger management services mandated</Description>
		<DisciplineMap>Other</DisciplineMap>
	</DisciplineDescriptor>
	<DisciplineDescriptor namespace="http://www.ed-fi.org/CEDSDescriptor/DisciplineDescriptor.xml">
		<CodeValue>03081</CodeValue>
		<ShortDescription>03081</ShortDescription>
		<Description>Corporal punishment</Description>
		<DisciplineMap>Other</DisciplineMap>
	</DisciplineDescriptor>
	<DisciplineDescriptor namespace="http://www.ed-fi.org/CEDSDescriptor/DisciplineDescriptor.xml">
		<CodeValue>03082</CodeValue>
		<ShortDescription>03082</ShortDescription>
		<Description>Counseling mandated</Description>
		<DisciplineMap>Other</DisciplineMap>
	</DisciplineDescriptor>
	<DisciplineDescriptor namespace="http://www.ed-fi.org/CEDSDescriptor/DisciplineDescriptor.xml">
		<CodeValue>03083</CodeValue>
		<ShortDescription>03083</ShortDescription>
		<Description>Demerit</Description>
		<DisciplineMap>Other</DisciplineMap>
	</DisciplineDescriptor>
	<DisciplineDescriptor namespace="http://www.ed-fi.org/CEDSDescriptor/DisciplineDescriptor.xml">
		<CodeValue>03084</CodeValue>
		<ShortDescription>03084</ShortDescription>
		<Description>Detention</Description>
		<DisciplineMap>Other</DisciplineMap>
	</DisciplineDescriptor>
	<DisciplineDescriptor namespace="http://www.ed-fi.org/CEDSDescriptor/DisciplineDescriptor.xml">
		<CodeValue>03085</CodeValue>
		<ShortDescription>03085</ShortDescription>
		<Description>Expulsion recommendation</Description>
		<DisciplineMap>Other</DisciplineMap>
	</DisciplineDescriptor>
	<DisciplineDescriptor namespace="http://www.ed-fi.org/CEDSDescriptor/DisciplineDescriptor.xml">
		<CodeValue>03086</CodeValue>
		<ShortDescription>03086</ShortDescription>
		<Description>Expulsion with services</Description>
		<DisciplineMap>Expulsion</DisciplineMap>
	</DisciplineDescriptor>
	<DisciplineDescriptor namespace="http://www.ed-fi.org/CEDSDescriptor/DisciplineDescriptor.xml">
		<CodeValue>03087</CodeValue>
		<ShortDescription>03087</ShortDescription>
		<Description>Expulsion without services</Description>
		<DisciplineMap>Expulsion</DisciplineMap>
	</DisciplineDescriptor>
	<DisciplineDescriptor namespace="http://www.ed-fi.org/CEDSDescriptor/DisciplineDescriptor.xml">
		<CodeValue>03088</CodeValue>
		<ShortDescription>03088</ShortDescription>
		<Description>Juvenile justice referral</Description>
		<DisciplineMap>Other</DisciplineMap>
	</DisciplineDescriptor>
	<DisciplineDescriptor namespace="http://www.ed-fi.org/CEDSDescriptor/DisciplineDescriptor.xml">
		<CodeValue>03089</CodeValue>
		<ShortDescription>03089</ShortDescription>
		<Description>Law enforcement referral</Description>
		<DisciplineMap>Other</DisciplineMap>
	</DisciplineDescriptor>
	<DisciplineDescriptor namespace="http://www.ed-fi.org/CEDSDescriptor/DisciplineDescriptor.xml">
		<CodeValue>03090</CodeValue>
		<ShortDescription>03090</ShortDescription>
		<Description>Letter of apology</Description>
		<DisciplineMap>Other</DisciplineMap>
	</DisciplineDescriptor>
	<DisciplineDescriptor namespace="http://www.ed-fi.org/CEDSDescriptor/DisciplineDescriptor.xml">
		<CodeValue>03091</CodeValue>
		<ShortDescription>03091</ShortDescription>
		<Description>Loss of privileges</Description>
		<DisciplineMap>Other</DisciplineMap>
	</DisciplineDescriptor>
	<DisciplineDescriptor namespace="http://www.ed-fi.org/CEDSDescriptor/DisciplineDescriptor.xml">
		<CodeValue>13357</CodeValue>
		<ShortDescription>13357</ShortDescription>
		<Description>Mechanical Restraint</Description>
		<DisciplineMap>Other</DisciplineMap>
	</DisciplineDescriptor>
	<DisciplineDescriptor namespace="http://www.ed-fi.org/CEDSDescriptor/DisciplineDescriptor.xml">
		<CodeValue>03105</CodeValue>
		<ShortDescription>03105</ShortDescription>
		<Description>No action</Description>
		<DisciplineMap>Other</DisciplineMap>
	</DisciplineDescriptor>
	<DisciplineDescriptor namespace="http://www.ed-fi.org/CEDSDescriptor/DisciplineDescriptor.xml">
		<CodeValue>09998</CodeValue>
		<ShortDescription>09998</ShortDescription>
		<Description>None</Description>
		<DisciplineMap>Other</DisciplineMap>
	</DisciplineDescriptor>
	<DisciplineDescriptor namespace="http://www.ed-fi.org/CEDSDescriptor/DisciplineDescriptor.xml">
		<CodeValue>09999</CodeValue>
		<ShortDescription>09999</ShortDescription>
		<Description>Other</Description>
		<DisciplineMap>Other</DisciplineMap>
	</DisciplineDescriptor>
	<DisciplineDescriptor namespace="http://www.ed-fi.org/CEDSDescriptor/DisciplineDescriptor.xml">
		<CodeValue>03092</CodeValue>
		<ShortDescription>03092</ShortDescription>
		<Description>Physical activity</Description>
		<DisciplineMap>Other</DisciplineMap>
	</DisciplineDescriptor>
	<DisciplineDescriptor namespace="http://www.ed-fi.org/CEDSDescriptor/DisciplineDescriptor.xml">
		<CodeValue>13358</CodeValue>
		<ShortDescription>13358</ShortDescription>
		<Description>Physical Restraint</Description>
		<DisciplineMap>Other</DisciplineMap>
	</DisciplineDescriptor>
	<DisciplineDescriptor namespace="http://www.ed-fi.org/CEDSDescriptor/DisciplineDescriptor.xml">
		<CodeValue>03158</CodeValue>
		<ShortDescription>03158</ShortDescription>
		<Description>Removal by a hearing officer</Description>
		<DisciplineMap>Other</DisciplineMap>
	</DisciplineDescriptor>
	<DisciplineDescriptor namespace="http://www.ed-fi.org/CEDSDescriptor/DisciplineDescriptor.xml">
		<CodeValue>03093</CodeValue>
		<ShortDescription>03093</ShortDescription>
		<Description>Reprimand</Description>
		<DisciplineMap>Other</DisciplineMap>
	</DisciplineDescriptor>
	<DisciplineDescriptor namespace="http://www.ed-fi.org/CEDSDescriptor/DisciplineDescriptor.xml">
		<CodeValue>03094</CodeValue>
		<ShortDescription>03094</ShortDescription>
		<Description>Restitution</Description>
		<DisciplineMap>Other</DisciplineMap>
	</DisciplineDescriptor>
	<DisciplineDescriptor namespace="http://www.ed-fi.org/CEDSDescriptor/DisciplineDescriptor.xml">
		<CodeValue>03095</CodeValue>
		<ShortDescription>03095</ShortDescription>
		<Description>Saturday school</Description>
		<DisciplineMap>Other</DisciplineMap>
	</DisciplineDescriptor>
	<DisciplineDescriptor namespace="http://www.ed-fi.org/CEDSDescriptor/DisciplineDescriptor.xml">
		<CodeValue>03096</CodeValue>
		<ShortDescription>03096</ShortDescription>
		<Description>School probation</Description>
		<DisciplineMap>Other</DisciplineMap>
	</DisciplineDescriptor>
	<DisciplineDescriptor namespace="http://www.ed-fi.org/CEDSDescriptor/DisciplineDescriptor.xml">
		<CodeValue>13359</CodeValue>
		<ShortDescription>13359</ShortDescription>
		<Description>Seclusion</Description>
		<DisciplineMap>Other</DisciplineMap>
	</DisciplineDescriptor>
	<DisciplineDescriptor namespace="http://www.ed-fi.org/CEDSDescriptor/DisciplineDescriptor.xml">
		<CodeValue>03097</CodeValue>
		<ShortDescription>03097</ShortDescription>
		<Description>Substance abuse counseling mandated</Description>
		<DisciplineMap>Other</DisciplineMap>
	</DisciplineDescriptor>
	<DisciplineDescriptor namespace="http://www.ed-fi.org/CEDSDescriptor/DisciplineDescriptor.xml">
		<CodeValue>03098</CodeValue>
		<ShortDescription>03098</ShortDescription>
		<Description>Substance abuse treatment mandated</Description>
		<DisciplineMap>Other</DisciplineMap>
	</DisciplineDescriptor>
	<DisciplineDescriptor namespace="http://www.ed-fi.org/CEDSDescriptor/DisciplineDescriptor.xml">
		<CodeValue>03099</CodeValue>
		<ShortDescription>03099</ShortDescription>
		<Description>Suspension after school</Description>
		<DisciplineMap>In School Suspension</DisciplineMap>
	</DisciplineDescriptor>
	<DisciplineDescriptor namespace="http://www.ed-fi.org/CEDSDescriptor/DisciplineDescriptor.xml">
		<CodeValue>03100</CodeValue>
		<ShortDescription>03100</ShortDescription>
		<Description>Suspension, in-school</Description>
		<DisciplineMap>In School Suspension</DisciplineMap>
	</DisciplineDescriptor>
	<DisciplineDescriptor namespace="http://www.ed-fi.org/CEDSDescriptor/DisciplineDescriptor.xml">
		<CodeValue>03154</CodeValue>
		<ShortDescription>03154</ShortDescription>
		<Description>Suspension, out of school, greater than 10 consecutive school days</Description>
		<DisciplineMap>Out of School Suspension</DisciplineMap>
	</DisciplineDescriptor>
	<DisciplineDescriptor namespace="http://www.ed-fi.org/CEDSDescriptor/DisciplineDescriptor.xml">
		<CodeValue>03155</CodeValue>
		<ShortDescription>03155</ShortDescription>
		<Description>Suspension, out of school, separate days cumulating to more than 10 school days</Description>
		<DisciplineMap>Out of School Suspension</DisciplineMap>
	</DisciplineDescriptor>
	<DisciplineDescriptor namespace="http://www.ed-fi.org/CEDSDescriptor/DisciplineDescriptor.xml">
		<CodeValue>03101</CodeValue>
		<ShortDescription>03101</ShortDescription>
		<Description>Suspension, out-of-school, with services</Description>
		<DisciplineMap>Out of School Suspension</DisciplineMap>
	</DisciplineDescriptor>
	<DisciplineDescriptor namespace="http://www.ed-fi.org/CEDSDescriptor/DisciplineDescriptor.xml">
		<CodeValue>03102</CodeValue>
		<ShortDescription>03102</ShortDescription>
		<Description>Suspension, out-of-school, without services</Description>
		<DisciplineMap>Out of School Suspension</DisciplineMap>
	</DisciplineDescriptor>
	<DisciplineDescriptor namespace="http://www.ed-fi.org/CEDSDescriptor/DisciplineDescriptor.xml">
		<CodeValue>03157</CodeValue>
		<ShortDescription>03157</ShortDescription>
		<Description>Unilateral removal - drug incident</Description>
		<DisciplineMap>Other</DisciplineMap>
	</DisciplineDescriptor>
	<DisciplineDescriptor namespace="http://www.ed-fi.org/CEDSDescriptor/DisciplineDescriptor.xml">
		<CodeValue>03156</CodeValue>
		<ShortDescription>03156</ShortDescription>
		<Description>Unilateral removal - weapon incident</Description>
		<DisciplineMap>Other</DisciplineMap>
	</DisciplineDescriptor>
	<DisciplineDescriptor namespace="http://www.ed-fi.org/CEDSDescriptor/DisciplineDescriptor.xml">
		<CodeValue>09997</CodeValue>
		<ShortDescription>09997</ShortDescription>
		<Description>Unknown</Description>
		<DisciplineMap>Other</DisciplineMap>
	</DisciplineDescriptor>
	<DisciplineDescriptor namespace="http://www.ed-fi.org/CEDSDescriptor/DisciplineDescriptor.xml">
		<CodeValue>03103</CodeValue>
		<ShortDescription>03103</ShortDescription>
		<Description>Unsatisfactory behavior grade</Description>
		<DisciplineMap>Other</DisciplineMap>
	</DisciplineDescriptor>
	<DisciplineDescriptor namespace="http://www.ed-fi.org/CEDSDescriptor/DisciplineDescriptor.xml">
		<CodeValue>03104</CodeValue>
		<ShortDescription>03104</ShortDescription>
		<Description>Work detail</Description>
		<DisciplineMap>Other</DisciplineMap>
	</DisciplineDescriptor>
</InterchangeDescriptors>
