<?xml version="1.0" encoding="UTF-8"?>
<InterchangeDescriptors xmlns="http://ed-fi.org/0120" xmlns:xsi="http://www.w3.org/2001/XMLSchema-instance" xsi:schemaLocation="http://ed-fi.org/0120 
../../../Ed-Fi-Core/Ed-Fi-Standard/Schemas/Interchange-Descriptors.xsd">
	<EmploymentStatusDescriptor namespace="http://www.ed-fi.org/CEDSDescriptor/EmployementStatusDescriptor.xml">
		<CodeValue>01384</CodeValue>
		<ShortDescription>01384</ShortDescription>
		<Description>Contingent upon funding</Description>
		<EmploymentStatusMap>Other</EmploymentStatusMap>
	</EmploymentStatusDescriptor>
	<EmploymentStatusDescriptor namespace="http://www.ed-fi.org/CEDSDescriptor/EmployementStatusDescriptor.xml">
		<CodeValue>01379</CodeValue>
		<ShortDescription>01379</ShortDescription>
		<Description>Contractual</Description>
		<EmploymentStatusMap>Contractual</EmploymentStatusMap>
	</EmploymentStatusDescriptor>
	<EmploymentStatusDescriptor namespace="http://www.ed-fi.org/CEDSDescriptor/EmployementStatusDescriptor.xml">
		<CodeValue>06071</CodeValue>
		<ShortDescription>06071</ShortDescription>
		<Description>Employed or affiliated with outside agency part-time</Description>
		<EmploymentStatusMap>Employed or affiliated with outside agency part-time</EmploymentStatusMap>
	</EmploymentStatusDescriptor>
	<EmploymentStatusDescriptor namespace="http://www.ed-fi.org/CEDSDescriptor/EmployementStatusDescriptor.xml">
		<CodeValue>01383</CodeValue>
		<ShortDescription>01383</ShortDescription>
		<Description>Employed or affiliated with outside organization</Description>
		<EmploymentStatusMap>Employed or affiliated with outside organization</EmploymentStatusMap>
	</EmploymentStatusDescriptor>
	<EmploymentStatusDescriptor namespace="http://www.ed-fi.org/CEDSDescriptor/EmployementStatusDescriptor.xml">
		<CodeValue>01385</CodeValue>
		<ShortDescription>01385</ShortDescription>
		<Description>Non-contractual</Description>
		<EmploymentStatusMap>Non-contractual</EmploymentStatusMap>
	</EmploymentStatusDescriptor>
	<EmploymentStatusDescriptor namespace="http://www.ed-fi.org/CEDSDescriptor/EmployementStatusDescriptor.xml">
		<CodeValue>09999</CodeValue>
		<ShortDescription>09999</ShortDescription>
		<Description>Other</Description>
		<EmploymentStatusMap>Other</EmploymentStatusMap>
	</EmploymentStatusDescriptor>
	<EmploymentStatusDescriptor namespace="http://www.ed-fi.org/CEDSDescriptor/EmployementStatusDescriptor.xml">
		<CodeValue>01378</CodeValue>
		<ShortDescription>01378</ShortDescription>
		<Description>Probationary</Description>
		<EmploymentStatusMap>Probationary</EmploymentStatusMap>
	</EmploymentStatusDescriptor>
	<EmploymentStatusDescriptor namespace="http://www.ed-fi.org/CEDSDescriptor/EmployementStatusDescriptor.xml">
		<CodeValue>06070</CodeValue>
		<ShortDescription>06070</ShortDescription>
		<Description>Self-employed part-time</Description>
		<EmploymentStatusMap>Employed part-time</EmploymentStatusMap>
	</EmploymentStatusDescriptor>
	<EmploymentStatusDescriptor namespace="http://www.ed-fi.org/CEDSDescriptor/EmployementStatusDescriptor.xml">
		<CodeValue>01380</CodeValue>
		<ShortDescription>01380</ShortDescription>
		<Description>Substitute/temporary</Description>
		<EmploymentStatusMap>Substitute/temporary</EmploymentStatusMap>
	</EmploymentStatusDescriptor>
	<EmploymentStatusDescriptor namespace="http://www.ed-fi.org/CEDSDescriptor/EmployementStatusDescriptor.xml">
		<CodeValue>01381</CodeValue>
		<ShortDescription>01381</ShortDescription>
		<Description>Tenured or permanent</Description>
		<EmploymentStatusMap>Tenured or permanent</EmploymentStatusMap>
	</EmploymentStatusDescriptor>
	<EmploymentStatusDescriptor namespace="http://www.ed-fi.org/CEDSDescriptor/EmployementStatusDescriptor.xml">
		<CodeValue>01382</CodeValue>
		<ShortDescription>01382</ShortDescription>
		<Description>Volunteer/no contract</Description>
		<EmploymentStatusMap>Volunteer/no contract</EmploymentStatusMap>
	</EmploymentStatusDescriptor>
</InterchangeDescriptors>
