<?xml version="1.0" encoding="UTF-8"?>
<InterchangeDescriptors xmlns="http://ed-fi.org/0120" xmlns:xsi="http://www.w3.org/2001/XMLSchema-instance" xsi:schemaLocation="http://ed-fi.org/0120 
../../../Ed-Fi-Core/Ed-Fi-Standard/Schemas/Interchange-Descriptors.xsd">
	<EntryTypeDescriptor namespace="http://www.ed-fi.org/CEDSDescriptor/EntryTypeDescriptor.xml">
		<CodeValue>01821</CodeValue>
		<ShortDescription>01821</ShortDescription>
		<Description>Transfer from a public school in the same local education agency</Description>
		<EntryTypeMap>Transfer</EntryTypeMap>
	</EntryTypeDescriptor>
	<EntryTypeDescriptor namespace="http://www.ed-fi.org/CEDSDescriptor/EntryTypeDescriptor.xml">
		<CodeValue>01822</CodeValue>
		<ShortDescription>01822</ShortDescription>
		<Description>Transfer from a public school in a different local education agency in the same state</Description>
		<EntryTypeMap>Transfer</EntryTypeMap>
	</EntryTypeDescriptor>
	<EntryTypeDescriptor namespace="http://www.ed-fi.org/CEDSDescriptor/EntryTypeDescriptor.xml">
		<CodeValue>01823</CodeValue>
		<ShortDescription>01823</ShortDescription>
		<Description>Transfer from a public school in a different state</Description>
		<EntryTypeMap>Transfer</EntryTypeMap>
	</EntryTypeDescriptor>
	<EntryTypeDescriptor namespace="http://www.ed-fi.org/CEDSDescriptor/EntryTypeDescriptor.xml">
		<CodeValue>01824</CodeValue>
		<ShortDescription>01824</ShortDescription>
		<Description>Transfer from a private, non-religiously-affiliated school in the same local education agency</Description>
		<EntryTypeMap>Transfer</EntryTypeMap>
	</EntryTypeDescriptor>
	<EntryTypeDescriptor namespace="http://www.ed-fi.org/CEDSDescriptor/EntryTypeDescriptor.xml">
		<CodeValue>01825</CodeValue>
		<ShortDescription>01825</ShortDescription>
		<Description>Transfer from a private, non-religiously-affiliated school in a different local education agency in the same state</Description>
		<EntryTypeMap>Transfer</EntryTypeMap>
	</EntryTypeDescriptor>
	<EntryTypeDescriptor namespace="http://www.ed-fi.org/CEDSDescriptor/EntryTypeDescriptor.xml">
		<CodeValue>01826</CodeValue>
		<ShortDescription>01826</ShortDescription>
		<Description>Transfer from a private, non-religiously-affiliated school in a different state</Description>
		<EntryTypeMap>Transfer</EntryTypeMap>
	</EntryTypeDescriptor>
	<EntryTypeDescriptor namespace="http://www.ed-fi.org/CEDSDescriptor/EntryTypeDescriptor.xml">
		<CodeValue>01827</CodeValue>
		<ShortDescription>01827</ShortDescription>
		<Description>Transfer from a private, religiously-affiliated school in the same local education agency</Description>
		<EntryTypeMap>Transfer</EntryTypeMap>
	</EntryTypeDescriptor>
	<EntryTypeDescriptor namespace="http://www.ed-fi.org/CEDSDescriptor/EntryTypeDescriptor.xml">
		<CodeValue>01828</CodeValue>
		<ShortDescription>01828</ShortDescription>
		<Description>Transfer from a private, religiously-affiliated school in a different local education agency in the same state</Description>
		<EntryTypeMap>Transfer</EntryTypeMap>
	</EntryTypeDescriptor>
	<EntryTypeDescriptor namespace="http://www.ed-fi.org/CEDSDescriptor/EntryTypeDescriptor.xml">
		<CodeValue>01829</CodeValue>
		<ShortDescription>01829</ShortDescription>
		<Description>Transfer from a private, religiously-affiliated school in a different state</Description>
		<EntryTypeMap>Transfer</EntryTypeMap>
	</EntryTypeDescriptor>
	<EntryTypeDescriptor namespace="http://www.ed-fi.org/CEDSDescriptor/EntryTypeDescriptor.xml">
		<CodeValue>01830</CodeValue>
		<ShortDescription>01830</ShortDescription>
		<Description>Transfer from a school outside of the country</Description>
		<EntryTypeMap>Transfer</EntryTypeMap>
	</EntryTypeDescriptor>
	<EntryTypeDescriptor namespace="http://www.ed-fi.org/CEDSDescriptor/EntryTypeDescriptor.xml">
		<CodeValue>01831</CodeValue>
		<ShortDescription>01831</ShortDescription>
		<Description>Transfer from an institution</Description>
		<EntryTypeMap>Transfer</EntryTypeMap>
	</EntryTypeDescriptor>
	<EntryTypeDescriptor namespace="http://www.ed-fi.org/CEDSDescriptor/EntryTypeDescriptor.xml">
		<CodeValue>01832</CodeValue>
		<ShortDescription>01832</ShortDescription>
		<Description>Transfer from a charter school</Description>
		<EntryTypeMap>Transfer</EntryTypeMap>
	</EntryTypeDescriptor>
	<EntryTypeDescriptor namespace="http://www.ed-fi.org/CEDSDescriptor/EntryTypeDescriptor.xml">
		<CodeValue>01833</CodeValue>
		<ShortDescription>01833</ShortDescription>
		<Description>Transfer from home schooling</Description>
		<EntryTypeMap>Transfer</EntryTypeMap>
	</EntryTypeDescriptor>
	<EntryTypeDescriptor namespace="http://www.ed-fi.org/CEDSDescriptor/EntryTypeDescriptor.xml">
		<CodeValue>01835</CodeValue>
		<ShortDescription>01835</ShortDescription>
		<Description>Re-entry from the same school with no interruption of schooling</Description>
		<EntryTypeMap>Re-entry</EntryTypeMap>
	</EntryTypeDescriptor>
	<EntryTypeDescriptor namespace="http://www.ed-fi.org/CEDSDescriptor/EntryTypeDescriptor.xml">
		<CodeValue>01836</CodeValue>
		<ShortDescription>01836</ShortDescription>
		<Description>Re-entry after a voluntary withdrawal</Description>
		<EntryTypeMap>Re-entry</EntryTypeMap>
	</EntryTypeDescriptor>
	<EntryTypeDescriptor namespace="http://www.ed-fi.org/CEDSDescriptor/EntryTypeDescriptor.xml">
		<CodeValue>01837</CodeValue>
		<ShortDescription>01837</ShortDescription>
		<Description>Re-entry after an involuntary withdrawal</Description>
		<EntryTypeMap>Re-entry</EntryTypeMap>
	</EntryTypeDescriptor>
	<EntryTypeDescriptor namespace="http://www.ed-fi.org/CEDSDescriptor/EntryTypeDescriptor.xml">
		<CodeValue>01838</CodeValue>
		<ShortDescription>01838</ShortDescription>
		<Description>Original entry into a United States school</Description>
		<EntryTypeMap>New to education system</EntryTypeMap>
	</EntryTypeDescriptor>
	<EntryTypeDescriptor namespace="http://www.ed-fi.org/CEDSDescriptor/EntryTypeDescriptor.xml">
		<CodeValue>01839</CodeValue>
		<ShortDescription>01839</ShortDescription>
		<Description>Original entry into a United States school from a foreign country with no interruption in schooling</Description>
		<EntryTypeMap>New to education system</EntryTypeMap>
	</EntryTypeDescriptor>
	<EntryTypeDescriptor namespace="http://www.ed-fi.org/CEDSDescriptor/EntryTypeDescriptor.xml">
		<CodeValue>01840</CodeValue>
		<ShortDescription>01840</ShortDescription>
		<Description>Original entry into a United States school from a foreign country with an interruption in schooling</Description>
		<EntryTypeMap>New to education system</EntryTypeMap>
	</EntryTypeDescriptor>
	<EntryTypeDescriptor namespace="http://www.ed-fi.org/CEDSDescriptor/EntryTypeDescriptor.xml">
		<CodeValue>09999</CodeValue>
		<ShortDescription>09999</ShortDescription>
		<Description>Other</Description>
		<EntryTypeMap>Other</EntryTypeMap>
	</EntryTypeDescriptor>
</InterchangeDescriptors>
