<?xml version="1.0" encoding="UTF-8"?>
<InterchangeDescriptors xmlns="http://ed-fi.org/0120" xmlns:xsi="http://www.w3.org/2001/XMLSchema-instance" xsi:schemaLocation="http://ed-fi.org/0120 
../../../Ed-Fi-Core/Ed-Fi-Standard/Schemas/Interchange-Descriptors.xsd">
	<ExitWithdrawTypeDescriptor namespace="http://www.ed-fi.org/CEDSDescriptor/ExitWithdrawTypeDescriptor.xml">
		<CodeValue>01907</CodeValue>
		<ShortDescription>01907</ShortDescription>
		<Description>Student is in a different public school in the same local education agency</Description>
		<ExitWithdrawTypeMap>Transferred</ExitWithdrawTypeMap>
	</ExitWithdrawTypeDescriptor>
	<ExitWithdrawTypeDescriptor namespace="http://www.ed-fi.org/CEDSDescriptor/ExitWithdrawTypeDescriptor.xml">
		<CodeValue>01908</CodeValue>
		<ShortDescription>01908</ShortDescription>
		<Description>Transferred to a public school in a different local education agency in the same state</Description>
		<ExitWithdrawTypeMap>Transferred</ExitWithdrawTypeMap>
	</ExitWithdrawTypeDescriptor>
	<ExitWithdrawTypeDescriptor namespace="http://www.ed-fi.org/CEDSDescriptor/ExitWithdrawTypeDescriptor.xml">
		<CodeValue>01909</CodeValue>
		<ShortDescription>01909</ShortDescription>
		<Description>Transferred to a public school in a different state</Description>
		<ExitWithdrawTypeMap>Transferred</ExitWithdrawTypeMap>
	</ExitWithdrawTypeDescriptor>
	<ExitWithdrawTypeDescriptor namespace="http://www.ed-fi.org/CEDSDescriptor/ExitWithdrawTypeDescriptor.xml">
		<CodeValue>01910</CodeValue>
		<ShortDescription>01910</ShortDescription>
		<Description>Transferred to a private, non-religiously-affiliated school in the same local education agency</Description>
		<ExitWithdrawTypeMap>Transferred</ExitWithdrawTypeMap>
	</ExitWithdrawTypeDescriptor>
	<ExitWithdrawTypeDescriptor namespace="http://www.ed-fi.org/CEDSDescriptor/ExitWithdrawTypeDescriptor.xml">
		<CodeValue>01911</CodeValue>
		<ShortDescription>01911</ShortDescription>
		<Description>Transferred to a private, non-religiously-affiliated school in a different local education agency in the same state</Description>
		<ExitWithdrawTypeMap>Transferred</ExitWithdrawTypeMap>
	</ExitWithdrawTypeDescriptor>
	<ExitWithdrawTypeDescriptor namespace="http://www.ed-fi.org/CEDSDescriptor/ExitWithdrawTypeDescriptor.xml">
		<CodeValue>01912</CodeValue>
		<ShortDescription>01912</ShortDescription>
		<Description>Transferred to a private, non-religiously-affiliated school in a different state</Description>
		<ExitWithdrawTypeMap>Transferred</ExitWithdrawTypeMap>
	</ExitWithdrawTypeDescriptor>
	<ExitWithdrawTypeDescriptor namespace="http://www.ed-fi.org/CEDSDescriptor/ExitWithdrawTypeDescriptor.xml">
		<CodeValue>01913</CodeValue>
		<ShortDescription>01913</ShortDescription>
		<Description>Transferred to a private, religiously-affiliated school in the same local education agency</Description>
		<ExitWithdrawTypeMap>Transferred</ExitWithdrawTypeMap>
	</ExitWithdrawTypeDescriptor>
	<ExitWithdrawTypeDescriptor namespace="http://www.ed-fi.org/CEDSDescriptor/ExitWithdrawTypeDescriptor.xml">
		<CodeValue>01914</CodeValue>
		<ShortDescription>01914</ShortDescription>
		<Description>Transferred to a private, religiously-affiliated school in a different local education agency in the same state</Description>
		<ExitWithdrawTypeMap>Transferred</ExitWithdrawTypeMap>
	</ExitWithdrawTypeDescriptor>
	<ExitWithdrawTypeDescriptor namespace="http://www.ed-fi.org/CEDSDescriptor/ExitWithdrawTypeDescriptor.xml">
		<CodeValue>01915</CodeValue>
		<ShortDescription>01915</ShortDescription>
		<Description>Transferred to a private, religiously-affiliated school in a different state</Description>
		<ExitWithdrawTypeMap>Transferred</ExitWithdrawTypeMap>
	</ExitWithdrawTypeDescriptor>
	<ExitWithdrawTypeDescriptor namespace="http://www.ed-fi.org/CEDSDescriptor/ExitWithdrawTypeDescriptor.xml">
		<CodeValue>01916</CodeValue>
		<ShortDescription>01916</ShortDescription>
		<Description>Transferred to a school outside of the country</Description>
		<ExitWithdrawTypeMap>Transferred</ExitWithdrawTypeMap>
	</ExitWithdrawTypeDescriptor>
	<ExitWithdrawTypeDescriptor namespace="http://www.ed-fi.org/CEDSDescriptor/ExitWithdrawTypeDescriptor.xml">
		<CodeValue>01917</CodeValue>
		<ShortDescription>01917</ShortDescription>
		<Description>Transferred to an institution</Description>
		<ExitWithdrawTypeMap>Transferred</ExitWithdrawTypeMap>
	</ExitWithdrawTypeDescriptor>
	<ExitWithdrawTypeDescriptor namespace="http://www.ed-fi.org/CEDSDescriptor/ExitWithdrawTypeDescriptor.xml">
		<CodeValue>01918</CodeValue>
		<ShortDescription>01918</ShortDescription>
		<Description>Transferred to home schooling</Description>
		<ExitWithdrawTypeMap>Transferred</ExitWithdrawTypeMap>
	</ExitWithdrawTypeDescriptor>
	<ExitWithdrawTypeDescriptor namespace="http://www.ed-fi.org/CEDSDescriptor/ExitWithdrawTypeDescriptor.xml">
		<CodeValue>01919</CodeValue>
		<ShortDescription>01919</ShortDescription>
		<Description>Transferred to a charter school</Description>
		<ExitWithdrawTypeMap>Transferred</ExitWithdrawTypeMap>
	</ExitWithdrawTypeDescriptor>
	<ExitWithdrawTypeDescriptor namespace="http://www.ed-fi.org/CEDSDescriptor/ExitWithdrawTypeDescriptor.xml">
		<CodeValue>01921</CodeValue>
		<ShortDescription>01921</ShortDescription>
		<Description>Graduated with regular, advanced, International Baccalaureate, or other type of diploma</Description>
		<ExitWithdrawTypeMap>Graduated</ExitWithdrawTypeMap>
	</ExitWithdrawTypeDescriptor>
	<ExitWithdrawTypeDescriptor namespace="http://www.ed-fi.org/CEDSDescriptor/ExitWithdrawTypeDescriptor.xml">
		<CodeValue>01922</CodeValue>
		<ShortDescription>01922</ShortDescription>
		<Description>Completed school with other credentials</Description>
		<ExitWithdrawTypeMap>Completed </ExitWithdrawTypeMap>
	</ExitWithdrawTypeDescriptor>
	<ExitWithdrawTypeDescriptor namespace="http://www.ed-fi.org/CEDSDescriptor/ExitWithdrawTypeDescriptor.xml">
		<CodeValue>01923</CodeValue>
		<ShortDescription>01923</ShortDescription>
		<Description>Died or is permanently incapacitated</Description>
		<ExitWithdrawTypeMap>Died or is permanently incapacitated</ExitWithdrawTypeMap>
	</ExitWithdrawTypeDescriptor>
	<ExitWithdrawTypeDescriptor namespace="http://www.ed-fi.org/CEDSDescriptor/ExitWithdrawTypeDescriptor.xml">
		<CodeValue>01924</CodeValue>
		<ShortDescription>01924</ShortDescription>
		<Description>Withdrawn due to illness</Description>
		<ExitWithdrawTypeMap>Withdrawn</ExitWithdrawTypeMap>
	</ExitWithdrawTypeDescriptor>
	<ExitWithdrawTypeDescriptor namespace="http://www.ed-fi.org/CEDSDescriptor/ExitWithdrawTypeDescriptor.xml">
		<CodeValue>01925</CodeValue>
		<ShortDescription>01925</ShortDescription>
		<Description>Expelled or involuntarily withdrawn</Description>
		<ExitWithdrawTypeMap>Expelled</ExitWithdrawTypeMap>
	</ExitWithdrawTypeDescriptor>
	<ExitWithdrawTypeDescriptor namespace="http://www.ed-fi.org/CEDSDescriptor/ExitWithdrawTypeDescriptor.xml">
		<CodeValue>01926</CodeValue>
		<ShortDescription>01926</ShortDescription>
		<Description>Reached maximum age for services</Description>
		<ExitWithdrawTypeMap>Reached maximum age</ExitWithdrawTypeMap>
	</ExitWithdrawTypeDescriptor>
	<ExitWithdrawTypeDescriptor namespace="http://www.ed-fi.org/CEDSDescriptor/ExitWithdrawTypeDescriptor.xml">
		<CodeValue>01927</CodeValue>
		<ShortDescription>01927</ShortDescription>
		<Description>Discontinued schooling</Description>
		<ExitWithdrawTypeMap>Withdrawn</ExitWithdrawTypeMap>
	</ExitWithdrawTypeDescriptor>
	<ExitWithdrawTypeDescriptor namespace="http://www.ed-fi.org/CEDSDescriptor/ExitWithdrawTypeDescriptor.xml">
		<CodeValue>01928</CodeValue>
		<ShortDescription>01928</ShortDescription>
		<Description>Completed grade 12, but did not meet all graduation requirements</Description>
		<ExitWithdrawTypeMap>Completed </ExitWithdrawTypeMap>
	</ExitWithdrawTypeDescriptor>
	<ExitWithdrawTypeDescriptor namespace="http://www.ed-fi.org/CEDSDescriptor/ExitWithdrawTypeDescriptor.xml">
		<CodeValue>01930</CodeValue>
		<ShortDescription>01930</ShortDescription>
		<Description>Enrolled in a postsecondary early admission program, eligible to return</Description>
		<ExitWithdrawTypeMap>Transferred</ExitWithdrawTypeMap>
	</ExitWithdrawTypeDescriptor>
	<ExitWithdrawTypeDescriptor namespace="http://www.ed-fi.org/CEDSDescriptor/ExitWithdrawTypeDescriptor.xml">
		<CodeValue>01931</CodeValue>
		<ShortDescription>01931</ShortDescription>
		<Description>Not enrolled, unknown status</Description>
		<ExitWithdrawTypeMap>Other</ExitWithdrawTypeMap>
	</ExitWithdrawTypeDescriptor>
	<ExitWithdrawTypeDescriptor namespace="http://www.ed-fi.org/CEDSDescriptor/ExitWithdrawTypeDescriptor.xml">
		<CodeValue>03499</CodeValue>
		<ShortDescription>03499</ShortDescription>
		<Description>Student is in the same local education agency and receiving education services, but is not assigned to a particular school</Description>
		<ExitWithdrawTypeMap>Transferred</ExitWithdrawTypeMap>
	</ExitWithdrawTypeDescriptor>
	<ExitWithdrawTypeDescriptor namespace="http://www.ed-fi.org/CEDSDescriptor/ExitWithdrawTypeDescriptor.xml">
		<CodeValue>03500</CodeValue>
		<ShortDescription>03500</ShortDescription>
		<Description>Enrolled in an adult education or training program</Description>
		<ExitWithdrawTypeMap>Transferred</ExitWithdrawTypeMap>
	</ExitWithdrawTypeDescriptor>
	<ExitWithdrawTypeDescriptor namespace="http://www.ed-fi.org/CEDSDescriptor/ExitWithdrawTypeDescriptor.xml">
		<CodeValue>03502</CodeValue>
		<ShortDescription>03502</ShortDescription>
		<Description>Not enrolled, eligible to return</Description>
		<ExitWithdrawTypeMap>Other</ExitWithdrawTypeMap>
	</ExitWithdrawTypeDescriptor>
	<ExitWithdrawTypeDescriptor namespace="http://www.ed-fi.org/CEDSDescriptor/ExitWithdrawTypeDescriptor.xml">
		<CodeValue>03503</CodeValue>
		<ShortDescription>03503</ShortDescription>
		<Description>Enrolled in a foreign exchange program, eligible to return</Description>
		<ExitWithdrawTypeMap>Transferred</ExitWithdrawTypeMap>
	</ExitWithdrawTypeDescriptor>
	<ExitWithdrawTypeDescriptor namespace="http://www.ed-fi.org/CEDSDescriptor/ExitWithdrawTypeDescriptor.xml">
		<CodeValue>03504</CodeValue>
		<ShortDescription>03504</ShortDescription>
		<Description>Withdrawn from school, under the age for compulsory attendance; eligible to return</Description>
		<ExitWithdrawTypeMap>Withdrawn</ExitWithdrawTypeMap>
	</ExitWithdrawTypeDescriptor>
	<ExitWithdrawTypeDescriptor namespace="http://www.ed-fi.org/CEDSDescriptor/ExitWithdrawTypeDescriptor.xml">
		<CodeValue>03505</CodeValue>
		<ShortDescription>03505</ShortDescription>
		<Description>Exited</Description>
		<ExitWithdrawTypeMap>Withdrawn</ExitWithdrawTypeMap>
	</ExitWithdrawTypeDescriptor>
	<ExitWithdrawTypeDescriptor namespace="http://www.ed-fi.org/CEDSDescriptor/ExitWithdrawTypeDescriptor.xml">
		<CodeValue>03508</CodeValue>
		<ShortDescription>03508</ShortDescription>
		<Description>Student is in a charter school managed by the same local education agency</Description>
		<ExitWithdrawTypeMap>Transferred</ExitWithdrawTypeMap>
	</ExitWithdrawTypeDescriptor>
	<ExitWithdrawTypeDescriptor namespace="http://www.ed-fi.org/CEDSDescriptor/ExitWithdrawTypeDescriptor.xml">
		<CodeValue>03509</CodeValue>
		<ShortDescription>03509</ShortDescription>
		<Description>Completed with a state-recognized equivalency certificate</Description>
		<ExitWithdrawTypeMap>Completed </ExitWithdrawTypeMap>
	</ExitWithdrawTypeDescriptor>
	<ExitWithdrawTypeDescriptor namespace="http://www.ed-fi.org/CEDSDescriptor/ExitWithdrawTypeDescriptor.xml">
		<CodeValue>09999</CodeValue>
		<ShortDescription>09999</ShortDescription>
		<Description>Other</Description>
		<ExitWithdrawTypeMap>Other</ExitWithdrawTypeMap>
	</ExitWithdrawTypeDescriptor>
</InterchangeDescriptors>
