<?xml version="1.0" encoding="UTF-8"?>
<InterchangeDescriptors xsi:schemaLocation="http://ed-fi.org/0120 
../../../Ed-Fi-Core/Ed-Fi-Standard/Schemas/Interchange-Descriptors.xsd" xmlns="http://ed-fi.org/0120" xmlns:xsi="http://www.w3.org/2001/XMLSchema-instance">
	<GraduationPlanTypeDescriptor namespace="http://www.ed-fi.org/Descriptor/GraduationPlanTypeDescriptor.xml">
		<ShortDescription>Career and Technical Education</ShortDescription>
		<Description>Career and Technical Education</Description>
		<GraduationPlanTypeMap>Career and Technical Education</GraduationPlanTypeMap>
	</GraduationPlanTypeDescriptor>
	<GraduationPlanTypeDescriptor namespace="http://www.ed-fi.org/Descriptor/GraduationPlanTypeDescriptor.xml">
		<ShortDescription>Distinguished</ShortDescription>
		<Description>Distinguished</Description>
		<GraduationPlanTypeMap>Distinguished</GraduationPlanTypeMap>
	</GraduationPlanTypeDescriptor>
	<GraduationPlanTypeDescriptor namespace="http://www.ed-fi.org/Descriptor/GraduationPlanTypeDescriptor.xml">
		<ShortDescription>Minimum</ShortDescription>
		<Description>Minimum</Description>
		<GraduationPlanTypeMap>Minimum</GraduationPlanTypeMap>
	</GraduationPlanTypeDescriptor>
	<GraduationPlanTypeDescriptor namespace="http://www.ed-fi.org/Descriptor/GraduationPlanTypeDescriptor.xml">
		<ShortDescription>Recommended</ShortDescription>
		<Description>Recommended</Description>
		<GraduationPlanTypeMap>Recommended</GraduationPlanTypeMap>
	</GraduationPlanTypeDescriptor>
	<GraduationPlanTypeDescriptor namespace="http://www.ed-fi.org/Descriptor/GraduationPlanTypeDescriptor.xml">
		<ShortDescription>Standard</ShortDescription>
		<Description>Standard</Description>
		<GraduationPlanTypeMap>Standard</GraduationPlanTypeMap>
	</GraduationPlanTypeDescriptor>
</InterchangeDescriptors>
