<?xml version="1.0" encoding="UTF-8"?>
<InterchangeDescriptors xmlns="http://ed-fi.org/0120" xmlns:xsi="http://www.w3.org/2001/XMLSchema-instance" xsi:schemaLocation="http://ed-fi.org/0120 
../../../Ed-Fi-Core/Ed-Fi-Standard/Schemas/Interchange-Descriptors.xsd">
	<GradeLevelDescriptor namespace="http://www.ed-fi.org/CEDSDescriptor/GradeLevelDescriptor.xml">
		<ShortDescription>Birth</ShortDescription>
		<Description>Birth</Description>
		<GradeLevelMap>Other</GradeLevelMap>
	</GradeLevelDescriptor>
	<GradeLevelDescriptor namespace="http://www.ed-fi.org/CEDSDescriptor/GradeLevelDescriptor.xml">
		<ShortDescription>Prenatal</ShortDescription>
		<Description>Prenatal</Description>
		<GradeLevelMap>Ungraded</GradeLevelMap>
	</GradeLevelDescriptor>
	<GradeLevelDescriptor namespace="http://www.ed-fi.org/CEDSDescriptor/GradeLevelDescriptor.xml">
		<ShortDescription>IT</ShortDescription>
		<Description>Infant/toddler</Description>
		<GradeLevelMap>Infant/toddler</GradeLevelMap>
	</GradeLevelDescriptor>
	<GradeLevelDescriptor namespace="http://www.ed-fi.org/CEDSDescriptor/GradeLevelDescriptor.xml">
		<ShortDescription>PR</ShortDescription>
		<Description>Preschool</Description>
		<GradeLevelMap>Preschool/Prekindergarten</GradeLevelMap>
	</GradeLevelDescriptor>
	<GradeLevelDescriptor namespace="http://www.ed-fi.org/CEDSDescriptor/GradeLevelDescriptor.xml">
		<ShortDescription>PK</ShortDescription>
		<Description>Prekindergarten</Description>
		<GradeLevelMap>Preschool/Prekindergarten</GradeLevelMap>
	</GradeLevelDescriptor>
	<GradeLevelDescriptor namespace="http://www.ed-fi.org/CEDSDescriptor/GradeLevelDescriptor.xml">
		<ShortDescription>TK</ShortDescription>
		<Description>Transitional Kindergarten</Description>
		<GradeLevelMap>Other</GradeLevelMap>
	</GradeLevelDescriptor>
	<GradeLevelDescriptor namespace="http://www.ed-fi.org/CEDSDescriptor/GradeLevelDescriptor.xml">
		<ShortDescription>KG</ShortDescription>
		<Description>Kindergarten</Description>
		<GradeLevelMap>Kindergarten</GradeLevelMap>
	</GradeLevelDescriptor>
	<GradeLevelDescriptor namespace="http://www.ed-fi.org/CEDSDescriptor/GradeLevelDescriptor.xml">
		<ShortDescription>01</ShortDescription>
		<Description>First grade</Description>
		<GradeLevelMap>First grade</GradeLevelMap>
	</GradeLevelDescriptor>
	<GradeLevelDescriptor namespace="http://www.ed-fi.org/CEDSDescriptor/GradeLevelDescriptor.xml">
		<ShortDescription>02</ShortDescription>
		<Description>Second grade</Description>
		<GradeLevelMap>Second grade</GradeLevelMap>
	</GradeLevelDescriptor>
	<GradeLevelDescriptor namespace="http://www.ed-fi.org/CEDSDescriptor/GradeLevelDescriptor.xml">
		<ShortDescription>03</ShortDescription>
		<Description>Third grade</Description>
		<GradeLevelMap>Third grade</GradeLevelMap>
	</GradeLevelDescriptor>
	<GradeLevelDescriptor namespace="http://www.ed-fi.org/CEDSDescriptor/GradeLevelDescriptor.xml">
		<ShortDescription>04</ShortDescription>
		<Description>Fourth grade</Description>
		<GradeLevelMap>Fourth grade</GradeLevelMap>
	</GradeLevelDescriptor>
	<GradeLevelDescriptor namespace="http://www.ed-fi.org/CEDSDescriptor/GradeLevelDescriptor.xml">
		<ShortDescription>05</ShortDescription>
		<Description>Fifth grade</Description>
		<GradeLevelMap>Fifth grade</GradeLevelMap>
	</GradeLevelDescriptor>
	<GradeLevelDescriptor namespace="http://www.ed-fi.org/CEDSDescriptor/GradeLevelDescriptor.xml">
		<ShortDescription>06</ShortDescription>
		<Description>Sixth grade</Description>
		<GradeLevelMap>Sixth grade</GradeLevelMap>
	</GradeLevelDescriptor>
	<GradeLevelDescriptor namespace="http://www.ed-fi.org/CEDSDescriptor/GradeLevelDescriptor.xml">
		<ShortDescription>07</ShortDescription>
		<Description>Seventh grade</Description>
		<GradeLevelMap>Seventh grade</GradeLevelMap>
	</GradeLevelDescriptor>
	<GradeLevelDescriptor namespace="http://www.ed-fi.org/CEDSDescriptor/GradeLevelDescriptor.xml">
		<ShortDescription>08</ShortDescription>
		<Description>Eighth grade</Description>
		<GradeLevelMap>Eighth grade</GradeLevelMap>
	</GradeLevelDescriptor>
	<GradeLevelDescriptor namespace="http://www.ed-fi.org/CEDSDescriptor/GradeLevelDescriptor.xml">
		<ShortDescription>09</ShortDescription>
		<Description>Ninth grade</Description>
		<GradeLevelMap>Ninth grade</GradeLevelMap>
	</GradeLevelDescriptor>
	<GradeLevelDescriptor namespace="http://www.ed-fi.org/CEDSDescriptor/GradeLevelDescriptor.xml">
		<ShortDescription>10</ShortDescription>
		<Description>Tenth grade</Description>
		<GradeLevelMap>Tenth grade</GradeLevelMap>
	</GradeLevelDescriptor>
	<GradeLevelDescriptor namespace="http://www.ed-fi.org/CEDSDescriptor/GradeLevelDescriptor.xml">
		<ShortDescription>11</ShortDescription>
		<Description>Eleventh grade</Description>
		<GradeLevelMap>Eleventh grade</GradeLevelMap>
	</GradeLevelDescriptor>
	<GradeLevelDescriptor namespace="http://www.ed-fi.org/CEDSDescriptor/GradeLevelDescriptor.xml">
		<ShortDescription>12</ShortDescription>
		<Description>Twelfth grade</Description>
		<GradeLevelMap>Twelfth grade</GradeLevelMap>
	</GradeLevelDescriptor>
	<GradeLevelDescriptor namespace="http://www.ed-fi.org/CEDSDescriptor/GradeLevelDescriptor.xml">
		<ShortDescription>13</ShortDescription>
		<Description>Grade 13</Description>
		<GradeLevelMap>Grade 13</GradeLevelMap>
	</GradeLevelDescriptor>
	<GradeLevelDescriptor namespace="http://www.ed-fi.org/CEDSDescriptor/GradeLevelDescriptor.xml">
		<ShortDescription>PS</ShortDescription>
		<Description>Postsecondary</Description>
		<GradeLevelMap>Postsecondary</GradeLevelMap>
	</GradeLevelDescriptor>
	<GradeLevelDescriptor namespace="http://www.ed-fi.org/CEDSDescriptor/GradeLevelDescriptor.xml">
		<ShortDescription>UG</ShortDescription>
		<Description>Ungraded</Description>
		<GradeLevelMap>Ungraded</GradeLevelMap>
	</GradeLevelDescriptor>
	<GradeLevelDescriptor namespace="http://www.ed-fi.org/CEDSDescriptor/GradeLevelDescriptor.xml">
		<ShortDescription>Other</ShortDescription>
		<Description>Other</Description>
		<GradeLevelMap>Other</GradeLevelMap>
	</GradeLevelDescriptor>
	<GradeLevelDescriptor namespace="http://www.ed-fi.org/CEDSDescriptor/GradeLevelDescriptor.xml">
		<ShortDescription>ABE</ShortDescription>
		<Description>Adult basic education</Description>
		<GradeLevelMap>Adult Education</GradeLevelMap>
	</GradeLevelDescriptor>
	<GradeLevelDescriptor namespace="http://www.ed-fi.org/CEDSDescriptor/GradeLevelDescriptor.xml">
		<ShortDescription>ASE</ShortDescription>
		<Description>Adult secondary education</Description>
		<GradeLevelMap>Adult Education</GradeLevelMap>
	</GradeLevelDescriptor>
	<GradeLevelDescriptor namespace="http://www.ed-fi.org/CEDSDescriptor/GradeLevelDescriptor.xml">
		<ShortDescription>AdultESL</ShortDescription>
		<Description>Adult english as a second language</Description>
		<GradeLevelMap>Adult Education</GradeLevelMap>
	</GradeLevelDescriptor>
	<GradeLevelDescriptor namespace="http://www.ed-fi.org/CEDSDescriptor/GradeLevelDescriptor.xml">
		<ShortDescription>OutOfSchool</ShortDescription>
		<Description>Out of school</Description>
		<GradeLevelMap>Other</GradeLevelMap>
	</GradeLevelDescriptor>
</InterchangeDescriptors>
