<?xml version="1.0" encoding="UTF-8"?>
<InterchangeDescriptors xsi:schemaLocation="http://ed-fi.org/0120 
../../../Ed-Fi-Core/Ed-Fi-Standard/Schemas/Interchange-Descriptors.xsd" xmlns="http://ed-fi.org/0120" xmlns:xsi="http://www.w3.org/2001/XMLSchema-instance">
	<LevelDescriptor namespace="http://www.ed-fi.org/CEDSDescriptor/LevelDescriptor.xml">
		<CodeValue>01809</CodeValue>
		<ShortDescription>01809</ShortDescription>
		<Description>12th grade, no diploma</Description>
		<GradeLevelMap>Twelfth grade</GradeLevelMap>
	</LevelDescriptor>
	<LevelDescriptor namespace="http://www.ed-fi.org/CEDSDescriptor/LevelDescriptor.xml">
		<CodeValue>01046</CodeValue>
		<ShortDescription>01046</ShortDescription>
		<Description>Adult basic education diploma</Description>
		<GradeLevelMap>Adult Education</GradeLevelMap>
	</LevelDescriptor>
	<LevelDescriptor namespace="http://www.ed-fi.org/CEDSDescriptor/LevelDescriptor.xml">
		<CodeValue>01050</CodeValue>
		<ShortDescription>01050</ShortDescription>
		<Description>Associate's degree (two years or more)</Description>
		<GradeLevelMap>Other</GradeLevelMap>
	</LevelDescriptor>
	<LevelDescriptor namespace="http://www.ed-fi.org/CEDSDescriptor/LevelDescriptor.xml">
		<CodeValue>01051</CodeValue>
		<ShortDescription>01051</ShortDescription>
		<Description>Bachelor's (Baccalaureate) degree</Description>
		<GradeLevelMap>Other</GradeLevelMap>
	</LevelDescriptor>
	<LevelDescriptor namespace="http://www.ed-fi.org/CEDSDescriptor/LevelDescriptor.xml">
		<CodeValue>01057</CodeValue>
		<ShortDescription>01057</ShortDescription>
		<Description>Doctoral (Doctor's) degree</Description>
		<GradeLevelMap>Other</GradeLevelMap>
	</LevelDescriptor>
	<LevelDescriptor namespace="http://www.ed-fi.org/CEDSDescriptor/LevelDescriptor.xml">
		<CodeValue>00798</CodeValue>
		<ShortDescription>00798</ShortDescription>
		<Description>Eighth grade</Description>
		<GradeLevelMap>Eighth grade</GradeLevelMap>
	</LevelDescriptor>
	<LevelDescriptor namespace="http://www.ed-fi.org/CEDSDescriptor/LevelDescriptor.xml">
		<CodeValue>00801</CodeValue>
		<ShortDescription>00801</ShortDescription>
		<Description>Eleventh Grade</Description>
		<GradeLevelMap>Eleventh grade</GradeLevelMap>
	</LevelDescriptor>
	<LevelDescriptor namespace="http://www.ed-fi.org/CEDSDescriptor/LevelDescriptor.xml">
		<CodeValue>00794</CodeValue>
		<ShortDescription>00794</ShortDescription>
		<Description>Fifth grade</Description>
		<GradeLevelMap>Fifth grade</GradeLevelMap>
	</LevelDescriptor>
	<LevelDescriptor namespace="http://www.ed-fi.org/CEDSDescriptor/LevelDescriptor.xml">
		<CodeValue>00790</CodeValue>
		<ShortDescription>00790</ShortDescription>
		<Description>First grade</Description>
		<GradeLevelMap>First grade</GradeLevelMap>
	</LevelDescriptor>
	<LevelDescriptor namespace="http://www.ed-fi.org/CEDSDescriptor/LevelDescriptor.xml">
		<CodeValue>01053</CodeValue>
		<ShortDescription>01053</ShortDescription>
		<Description>First-professional degree</Description>
		<GradeLevelMap>Other</GradeLevelMap>
	</LevelDescriptor>
	<LevelDescriptor namespace="http://www.ed-fi.org/CEDSDescriptor/LevelDescriptor.xml">
		<CodeValue>01047</CodeValue>
		<ShortDescription>01047</ShortDescription>
		<Description>Formal award, certificate or diploma (less than one year)</Description>
		<GradeLevelMap>Other</GradeLevelMap>
	</LevelDescriptor>
	<LevelDescriptor namespace="http://www.ed-fi.org/CEDSDescriptor/LevelDescriptor.xml">
		<CodeValue>01048</CodeValue>
		<ShortDescription>01048</ShortDescription>
		<Description>Formal award, certificate or diploma (more than or equal to one year)</Description>
		<GradeLevelMap>Other</GradeLevelMap>
	</LevelDescriptor>
	<LevelDescriptor namespace="http://www.ed-fi.org/CEDSDescriptor/LevelDescriptor.xml">
		<CodeValue>00793</CodeValue>
		<ShortDescription>00793</ShortDescription>
		<Description>Fourth grade</Description>
		<GradeLevelMap>Fourth grade</GradeLevelMap>
	</LevelDescriptor>
	<LevelDescriptor namespace="http://www.ed-fi.org/CEDSDescriptor/LevelDescriptor.xml">
		<CodeValue>01052</CodeValue>
		<ShortDescription>01052</ShortDescription>
		<Description>Graduate certificate</Description>
		<GradeLevelMap>Other</GradeLevelMap>
	</LevelDescriptor>
	<LevelDescriptor namespace="http://www.ed-fi.org/CEDSDescriptor/LevelDescriptor.xml">
		<CodeValue>02408</CodeValue>
		<ShortDescription>02408</ShortDescription>
		<Description>High school completers (e.g., certificate of attendance)</Description>
		<GradeLevelMap>Other</GradeLevelMap>
	</LevelDescriptor>
	<LevelDescriptor namespace="http://www.ed-fi.org/CEDSDescriptor/LevelDescriptor.xml">
		<CodeValue>01044</CodeValue>
		<ShortDescription>01044</ShortDescription>
		<Description>High school diploma</Description>
		<GradeLevelMap>Other</GradeLevelMap>
	</LevelDescriptor>
	<LevelDescriptor namespace="http://www.ed-fi.org/CEDSDescriptor/LevelDescriptor.xml">
		<CodeValue>02409</CodeValue>
		<ShortDescription>02409</ShortDescription>
		<Description>High school equivalency (e.g., GED)</Description>
		<GradeLevelMap>Other</GradeLevelMap>
	</LevelDescriptor>
	<LevelDescriptor namespace="http://www.ed-fi.org/CEDSDescriptor/LevelDescriptor.xml">
		<CodeValue>00805</CodeValue>
		<ShortDescription>00805</ShortDescription>
		<Description>Kindergarten</Description>
		<GradeLevelMap>Kindergarten</GradeLevelMap>
	</LevelDescriptor>
	<LevelDescriptor namespace="http://www.ed-fi.org/CEDSDescriptor/LevelDescriptor.xml">
		<CodeValue>01054</CodeValue>
		<ShortDescription>01054</ShortDescription>
		<Description>Master's degree (e.g., M.A., M.S., M. Eng., M.Ed., M.S.W., M.B.A., M.L.S.)</Description>
		<GradeLevelMap>Other</GradeLevelMap>
	</LevelDescriptor>
	<LevelDescriptor namespace="http://www.ed-fi.org/CEDSDescriptor/LevelDescriptor.xml">
		<CodeValue>00799</CodeValue>
		<ShortDescription>00799</ShortDescription>
		<Description>Ninth grade</Description>
		<GradeLevelMap>Ninth grade</GradeLevelMap>
	</LevelDescriptor>
	<LevelDescriptor namespace="http://www.ed-fi.org/CEDSDescriptor/LevelDescriptor.xml">
		<CodeValue>01043</CodeValue>
		<ShortDescription>01043</ShortDescription>
		<Description>No school completed</Description>
		<GradeLevelMap>Other</GradeLevelMap>
	</LevelDescriptor>
	<LevelDescriptor namespace="http://www.ed-fi.org/CEDSDescriptor/LevelDescriptor.xml">
		<CodeValue>01056</CodeValue>
		<ShortDescription>01056</ShortDescription>
		<Description>Post-professional degree</Description>
		<GradeLevelMap>Other</GradeLevelMap>
	</LevelDescriptor>
	<LevelDescriptor namespace="http://www.ed-fi.org/CEDSDescriptor/LevelDescriptor.xml">
		<CodeValue>00788</CodeValue>
		<ShortDescription>00788</ShortDescription>
		<Description>Preschool</Description>
		<GradeLevelMap>Other</GradeLevelMap>
	</LevelDescriptor>
	<LevelDescriptor namespace="http://www.ed-fi.org/CEDSDescriptor/LevelDescriptor.xml">
		<CodeValue>00791</CodeValue>
		<ShortDescription>00791</ShortDescription>
		<Description>Second grade</Description>
		<GradeLevelMap>Second grade</GradeLevelMap>
	</LevelDescriptor>
	<LevelDescriptor namespace="http://www.ed-fi.org/CEDSDescriptor/LevelDescriptor.xml">
		<CodeValue>00796</CodeValue>
		<ShortDescription>00796</ShortDescription>
		<Description>Seventh grade</Description>
		<GradeLevelMap>Seventh grade</GradeLevelMap>
	</LevelDescriptor>
	<LevelDescriptor namespace="http://www.ed-fi.org/CEDSDescriptor/LevelDescriptor.xml">
		<CodeValue>00795</CodeValue>
		<ShortDescription>00795</ShortDescription>
		<Description>Sixth grade</Description>
		<GradeLevelMap>Sixth grade</GradeLevelMap>
	</LevelDescriptor>
	<LevelDescriptor namespace="http://www.ed-fi.org/CEDSDescriptor/LevelDescriptor.xml">
		<CodeValue>01049</CodeValue>
		<ShortDescription>01049</ShortDescription>
		<Description>Some college but no degree</Description>
		<GradeLevelMap>Other</GradeLevelMap>
	</LevelDescriptor>
	<LevelDescriptor namespace="http://www.ed-fi.org/CEDSDescriptor/LevelDescriptor.xml">
		<CodeValue>01055</CodeValue>
		<ShortDescription>01055</ShortDescription>
		<Description>Specialist's degree (e.g., Ed.S.)</Description>
		<GradeLevelMap>Other</GradeLevelMap>
	</LevelDescriptor>
	<LevelDescriptor namespace="http://www.ed-fi.org/CEDSDescriptor/LevelDescriptor.xml">
		<CodeValue>00800</CodeValue>
		<ShortDescription>00800</ShortDescription>
		<Description>Tenth grade</Description>
		<GradeLevelMap>Tenth grade</GradeLevelMap>
	</LevelDescriptor>
	<LevelDescriptor namespace="http://www.ed-fi.org/CEDSDescriptor/LevelDescriptor.xml">
		<CodeValue>00792</CodeValue>
		<ShortDescription>00792</ShortDescription>
		<Description>Third grade</Description>
		<GradeLevelMap>Third grade</GradeLevelMap>
	</LevelDescriptor>
	<LevelDescriptor namespace="http://www.ed-fi.org/CEDSDescriptor/LevelDescriptor.xml">
		<CodeValue>00819</CodeValue>
		<ShortDescription>00819</ShortDescription>
		<Description>Career and Technical Education certificate</Description>
		<GradeLevelMap>Other</GradeLevelMap>
	</LevelDescriptor>
	<LevelDescriptor namespace="http://www.ed-fi.org/CEDSDescriptor/LevelDescriptor.xml">
		<CodeValue>09999</CodeValue>
		<ShortDescription>09999</ShortDescription>
		<Description>Other</Description>
		<GradeLevelMap>Other</GradeLevelMap>
	</LevelDescriptor>
</InterchangeDescriptors>
