<?xml version="1.0" encoding="UTF-8"?>
<InterchangeDescriptors xsi:schemaLocation="http://ed-fi.org/0120 
../../../Ed-Fi-Core/Ed-Fi-Standard/Schemas/Interchange-Descriptors.xsd" xmlns="http://ed-fi.org/0120" xmlns:xsi="http://www.w3.org/2001/XMLSchema-instance">
	<LimitedEnglishProficiencyDescriptor namespace="http://www.ed-fi.org/CEDSDescriptor/LimitedEnglishProficiencyDescriptor.xml">
		<ShortDescription>Yes</ShortDescription>
		<Description>Yes</Description>
		<LimitedEnglishProficiencyMap>Limited</LimitedEnglishProficiencyMap>
	</LimitedEnglishProficiencyDescriptor>
	<LimitedEnglishProficiencyDescriptor namespace="http://www.ed-fi.org/CEDSDescriptor/LimitedEnglishProficiencyDescriptor.xml">
		<ShortDescription>No</ShortDescription>
		<Description>No</Description>
		<LimitedEnglishProficiencyMap>NotLimited</LimitedEnglishProficiencyMap>
	</LimitedEnglishProficiencyDescriptor>
</InterchangeDescriptors>
