<?xml version="1.0" encoding="UTF-8"?>
<InterchangeDescriptors xmlns="http://ed-fi.org/0120" xmlns:xsi="http://www.w3.org/2001/XMLSchema-instance" xsi:schemaLocation="http://ed-fi.org/0120 
../../../Ed-Fi-Core/Ed-Fi-Standard/Schemas/Interchange-Descriptors.xsd">
	<ProgramAssignmentDescriptor namespace="http://www.ed-fi.org/CEDSDescriptor/ProgramAssignmentDescriptor.xml">
		<ShortDescription>TitleITeacher </ShortDescription>
		<Description> Title I Teachers</Description>
		<ProgramAssignmentMap>Title I-Academic</ProgramAssignmentMap>
	</ProgramAssignmentDescriptor>
	<ProgramAssignmentDescriptor namespace="http://www.ed-fi.org/CEDSDescriptor/ProgramAssignmentDescriptor.xml">
		<ShortDescription>TitleIParaprofessional </ShortDescription>
		<Description> Title I Paraprofessionals </Description>
		<ProgramAssignmentMap>Title I-Academic</ProgramAssignmentMap>
	</ProgramAssignmentDescriptor>
	<ProgramAssignmentDescriptor namespace="http://www.ed-fi.org/CEDSDescriptor/ProgramAssignmentDescriptor.xml">
		<ShortDescription>TitleISupportStaff </ShortDescription>
		<Description> Title I Clerical Support Staff</Description>
		<ProgramAssignmentMap>Title I-Non-Academic</ProgramAssignmentMap>
	</ProgramAssignmentDescriptor>
	<ProgramAssignmentDescriptor namespace="http://www.ed-fi.org/CEDSDescriptor/ProgramAssignmentDescriptor.xml">
		<ShortDescription>TitleIAdministrator </ShortDescription>
		<Description> Title I Administrators (non-clerical)</Description>
		<ProgramAssignmentMap>Title I-Non-Academic</ProgramAssignmentMap>
	</ProgramAssignmentDescriptor>
	<ProgramAssignmentDescriptor namespace="http://www.ed-fi.org/CEDSDescriptor/ProgramAssignmentDescriptor.xml">
		<ShortDescription>TitleIOtherParaprofessional </ShortDescription>
		<Description> Title I Other Paraprofessionals</Description>
		<ProgramAssignmentMap>Title I-Non-Academic</ProgramAssignmentMap>
	</ProgramAssignmentDescriptor>
	<ProgramAssignmentDescriptor namespace="http://www.ed-fi.org/CEDSDescriptor/ProgramAssignmentDescriptor.xml">
		<ShortDescription>ELTeachers </ShortDescription>
		<Description> Early Learning Teachers</Description>
		<ProgramAssignmentMap>Special Education</ProgramAssignmentMap>
	</ProgramAssignmentDescriptor>
	<ProgramAssignmentDescriptor namespace="http://www.ed-fi.org/CEDSDescriptor/ProgramAssignmentDescriptor.xml">
		<ShortDescription>ElementaryTeachers </ShortDescription>
		<Description> Elementary Teachers</Description>
		<ProgramAssignmentMap>Regular Education</ProgramAssignmentMap>
	</ProgramAssignmentDescriptor>
	<ProgramAssignmentDescriptor namespace="http://www.ed-fi.org/CEDSDescriptor/ProgramAssignmentDescriptor.xml">
		<ShortDescription>FamilyServiceWorkers </ShortDescription>
		<Description> Family Service Workers</Description>
		<ProgramAssignmentMap>Other</ProgramAssignmentMap>
	</ProgramAssignmentDescriptor>
	<ProgramAssignmentDescriptor namespace="http://www.ed-fi.org/CEDSDescriptor/ProgramAssignmentDescriptor.xml">
		<ShortDescription>HealthSpecialists </ShortDescription>
		<Description> Health Specialists</Description>
		<ProgramAssignmentMap>Other</ProgramAssignmentMap>
	</ProgramAssignmentDescriptor>
	<ProgramAssignmentDescriptor namespace="http://www.ed-fi.org/CEDSDescriptor/ProgramAssignmentDescriptor.xml">
		<ShortDescription>HomeVisitors </ShortDescription>
		<Description> Home Visitors</Description>
		<ProgramAssignmentMap>Other</ProgramAssignmentMap>
	</ProgramAssignmentDescriptor>
	<ProgramAssignmentDescriptor namespace="http://www.ed-fi.org/CEDSDescriptor/ProgramAssignmentDescriptor.xml">
		<ShortDescription>InstructionalCoordinators </ShortDescription>
		<Description> Instructional Coordinators</Description>
		<ProgramAssignmentMap>Other</ProgramAssignmentMap>
	</ProgramAssignmentDescriptor>
	<ProgramAssignmentDescriptor namespace="http://www.ed-fi.org/CEDSDescriptor/ProgramAssignmentDescriptor.xml">
		<ShortDescription>KindergartenTeachers </ShortDescription>
		<Description> Kindergarten Teachers</Description>
		<ProgramAssignmentMap>Regular Education</ProgramAssignmentMap>
	</ProgramAssignmentDescriptor>
	<ProgramAssignmentDescriptor namespace="http://www.ed-fi.org/CEDSDescriptor/ProgramAssignmentDescriptor.xml">
		<ShortDescription>LibraryMediaSpecialists </ShortDescription>
		<Description> Librarians/Media Specialists</Description>
		<ProgramAssignmentMap>Other</ProgramAssignmentMap>
	</ProgramAssignmentDescriptor>
	<ProgramAssignmentDescriptor namespace="http://www.ed-fi.org/CEDSDescriptor/ProgramAssignmentDescriptor.xml">
		<ShortDescription>LibraryMediaSupportStaff </ShortDescription>
		<Description> Library/Media Support Staff</Description>
		<ProgramAssignmentMap>Other</ProgramAssignmentMap>
	</ProgramAssignmentDescriptor>
	<ProgramAssignmentDescriptor namespace="http://www.ed-fi.org/CEDSDescriptor/ProgramAssignmentDescriptor.xml">
		<ShortDescription>MentalHealthSpecialists </ShortDescription>
		<Description> Mental Health Specialists</Description>
		<ProgramAssignmentMap>Other</ProgramAssignmentMap>
	</ProgramAssignmentDescriptor>
	<ProgramAssignmentDescriptor namespace="http://www.ed-fi.org/CEDSDescriptor/ProgramAssignmentDescriptor.xml">
		<ShortDescription>NutritionSpecialists </ShortDescription>
		<Description> Nutrition Specialists</Description>
		<ProgramAssignmentMap>Other</ProgramAssignmentMap>
	</ProgramAssignmentDescriptor>
	<ProgramAssignmentDescriptor namespace="http://www.ed-fi.org/CEDSDescriptor/ProgramAssignmentDescriptor.xml">
		<ShortDescription>Paraprofessionals </ShortDescription>
		<Description> Paraprofessionals</Description>
		<ProgramAssignmentMap>Other</ProgramAssignmentMap>
	</ProgramAssignmentDescriptor>
	<ProgramAssignmentDescriptor namespace="http://www.ed-fi.org/CEDSDescriptor/ProgramAssignmentDescriptor.xml">
		<ShortDescription>PartCEarlyInterventionists </ShortDescription>
		<Description> Part C Early Interventionists</Description>
		<ProgramAssignmentMap>Other</ProgramAssignmentMap>
	</ProgramAssignmentDescriptor>
	<ProgramAssignmentDescriptor namespace="http://www.ed-fi.org/CEDSDescriptor/ProgramAssignmentDescriptor.xml">
		<ShortDescription>PartCServiceCoordinators </ShortDescription>
		<Description> Part C Service Coordinators</Description>
		<ProgramAssignmentMap>Other</ProgramAssignmentMap>
	</ProgramAssignmentDescriptor>
	<ProgramAssignmentDescriptor namespace="http://www.ed-fi.org/CEDSDescriptor/ProgramAssignmentDescriptor.xml">
		<ShortDescription>SchoolCounselors </ShortDescription>
		<Description> School Counselors</Description>
		<ProgramAssignmentMap>Other</ProgramAssignmentMap>
	</ProgramAssignmentDescriptor>
	<ProgramAssignmentDescriptor namespace="http://www.ed-fi.org/CEDSDescriptor/ProgramAssignmentDescriptor.xml">
		<ShortDescription>SecondaryTeachers </ShortDescription>
		<Description> Secondary Teachers</Description>
		<ProgramAssignmentMap>Regular Education</ProgramAssignmentMap>
	</ProgramAssignmentDescriptor>
	<ProgramAssignmentDescriptor namespace="http://www.ed-fi.org/CEDSDescriptor/ProgramAssignmentDescriptor.xml">
		<ShortDescription>SocialWorkers </ShortDescription>
		<Description> Social Workers</Description>
		<ProgramAssignmentMap>Other</ProgramAssignmentMap>
	</ProgramAssignmentDescriptor>
	<ProgramAssignmentDescriptor namespace="http://www.ed-fi.org/CEDSDescriptor/ProgramAssignmentDescriptor.xml">
		<ShortDescription>SpecialEducationTeachers </ShortDescription>
		<Description> Special Education Teachers</Description>
		<ProgramAssignmentMap>Regular Education</ProgramAssignmentMap>
	</ProgramAssignmentDescriptor>
	<ProgramAssignmentDescriptor namespace="http://www.ed-fi.org/CEDSDescriptor/ProgramAssignmentDescriptor.xml">
		<ShortDescription>SpecialNeedsSpecialists </ShortDescription>
		<Description> Special Needs Specialists</Description>
		<ProgramAssignmentMap>Other</ProgramAssignmentMap>
	</ProgramAssignmentDescriptor>
	<ProgramAssignmentDescriptor namespace="http://www.ed-fi.org/CEDSDescriptor/ProgramAssignmentDescriptor.xml">
		<ShortDescription>StudentSupportServicesStaff </ShortDescription>
		<Description> Student Support Services Staff</Description>
		<ProgramAssignmentMap>Other</ProgramAssignmentMap>
	</ProgramAssignmentDescriptor>
	<ProgramAssignmentDescriptor namespace="http://www.ed-fi.org/CEDSDescriptor/ProgramAssignmentDescriptor.xml">
		<ShortDescription>UngradedTeachers </ShortDescription>
		<Description> Ungraded Teachers</Description>
		<ProgramAssignmentMap>Special Education</ProgramAssignmentMap>
	</ProgramAssignmentDescriptor>
</InterchangeDescriptors>
