<?xml version="1.0" encoding="UTF-8"?>
<InterchangeDescriptors xsi:schemaLocation="http://ed-fi.org/0120 
../../../Ed-Fi-Core/Ed-Fi-Standard/Schemas/Interchange-Descriptors.xsd" xmlns="http://ed-fi.org/0120" xmlns:xsi="http://www.w3.org/2001/XMLSchema-instance">
	<ResponsibilityDescriptor namespace="http://www.ed-fi.org/CEDSDescriptor/ResponsibilityDescriptor.xml">
		<ShortDescription>Accountability</ShortDescription>
		<Description>Accountability</Description>
		<ResponsibilityMap>Accountability</ResponsibilityMap>
	</ResponsibilityDescriptor>
	<ResponsibilityDescriptor namespace="http://www.ed-fi.org/CEDSDescriptor/ResponsibilityDescriptor.xml">
		<ShortDescription>Attendance</ShortDescription>
		<Description>Attendance</Description>
		<ResponsibilityMap>Attendance</ResponsibilityMap>
	</ResponsibilityDescriptor>
	<ResponsibilityDescriptor namespace="http://www.ed-fi.org/CEDSDescriptor/ResponsibilityDescriptor.xml">
		<ShortDescription>Funding</ShortDescription>
		<Description>Funding</Description>
		<ResponsibilityMap>Funding</ResponsibilityMap>
	</ResponsibilityDescriptor>
	<ResponsibilityDescriptor namespace="http://www.ed-fi.org/CEDSDescriptor/ResponsibilityDescriptor.xml">
		<ShortDescription>Graduation</ShortDescription>
		<Description>Graduation</Description>
		<ResponsibilityMap>Graduation</ResponsibilityMap>
	</ResponsibilityDescriptor>
	<ResponsibilityDescriptor namespace="http://www.ed-fi.org/CEDSDescriptor/ResponsibilityDescriptor.xml">
		<ShortDescription>IndividualizedEducationProgram</ShortDescription>
		<Description>Individualized education program (IEP)</Description>
		<ResponsibilityMap>Individualized Education Program</ResponsibilityMap>
	</ResponsibilityDescriptor>
	<ResponsibilityDescriptor namespace="http://www.ed-fi.org/CEDSDescriptor/ResponsibilityDescriptor.xml">
		<ShortDescription>Transportation</ShortDescription>
		<Description>Transportation</Description>
		<ResponsibilityMap>Transportation</ResponsibilityMap>
	</ResponsibilityDescriptor>
</InterchangeDescriptors>
