<?xml version="1.0" encoding="UTF-8"?>
<InterchangeDescriptors xmlns="http://ed-fi.org/0120" xmlns:xsi="http://www.w3.org/2001/XMLSchema-instance" xsi:schemaLocation="http://ed-fi.org/0120 
../../../Ed-Fi-Core/Ed-Fi-Standard/Schemas/Interchange-Descriptors.xsd">
	<SchoolFoodServiceEligibilityDescriptor namespace="http://www.ed-fi.org/CEDSDescriptor/SchoolFoodServiceEligibilityDescriptor.xml">
		<ShortDescription>Free</ShortDescription>
		<Description>Free</Description>
		<SchoolFoodServiceEligibilityMap>Free</SchoolFoodServiceEligibilityMap>
	</SchoolFoodServiceEligibilityDescriptor>
	<SchoolFoodServiceEligibilityDescriptor namespace="http://www.ed-fi.org/CEDSDescriptor/SchoolFoodServiceEligibilityDescriptor.xml">
		<ShortDescription>FullPrice</ShortDescription>
		<Description>Full price</Description>
		<SchoolFoodServiceEligibilityMap>Full price</SchoolFoodServiceEligibilityMap>
	</SchoolFoodServiceEligibilityDescriptor>
	<SchoolFoodServiceEligibilityDescriptor namespace="http://www.ed-fi.org/CEDSDescriptor/SchoolFoodServiceEligibilityDescriptor.xml">
		<ShortDescription>ReducedPrice</ShortDescription>
		<Description>Reduced price</Description>
		<SchoolFoodServiceEligibilityMap>Reduced price</SchoolFoodServiceEligibilityMap>
	</SchoolFoodServiceEligibilityDescriptor>
	<SchoolFoodServiceEligibilityDescriptor namespace="http://www.ed-fi.org/CEDSDescriptor/SchoolFoodServiceEligibilityDescriptor.xml">
		<ShortDescription>Other</ShortDescription>
		<Description>Other</Description>
		<SchoolFoodServiceEligibilityMap>Unknown</SchoolFoodServiceEligibilityMap>
	</SchoolFoodServiceEligibilityDescriptor>
</InterchangeDescriptors>
