<?xml version="1.0" encoding="UTF-8"?>
<InterchangeDescriptors xsi:schemaLocation="http://ed-fi.org/0120 
../../../Ed-Fi-Core/Ed-Fi-Standard/Schemas/Interchange-Descriptors.xsd" xmlns="http://ed-fi.org/0120" xmlns:xsi="http://www.w3.org/2001/XMLSchema-instance">
	<SectionCharacteristicsDescriptor  namespace="http://www.ed-fi.org/Descriptor/SectionCharacteristicsDescriptor.xml">
		<CodeValue>FullDayFullYear</CodeValue>
		<ShortDescription>FullDayFullYear</ShortDescription>
		<Description>Full-day/full-year</Description>
	</SectionCharacteristicsDescriptor>
	<SectionCharacteristicsDescriptor  namespace="http://www.ed-fi.org/Descriptor/SectionCharacteristicsDescriptor.xml">
		<CodeValue>FullDayPartYear</CodeValue>
		<ShortDescription>FullDayPartYear</ShortDescription>
		<Description>Full-day/part-year</Description>
	</SectionCharacteristicsDescriptor>
	<SectionCharacteristicsDescriptor  namespace="http://www.ed-fi.org/Descriptor/SectionCharacteristicsDescriptor.xml">
		<CodeValue>PartDayFullYear</CodeValue>
		<ShortDescription>PartDayFullYear</ShortDescription>
		<Description>Part-day/full-year</Description>
	</SectionCharacteristicsDescriptor>
	<SectionCharacteristicsDescriptor  namespace="http://www.ed-fi.org/Descriptor/SectionCharacteristicsDescriptor.xml">
		<CodeValue>PartDayPartYear</CodeValue>
		<ShortDescription>PartDayPartYear</ShortDescription>
		<Description>Part-day/part-year</Description>
	</SectionCharacteristicsDescriptor>
	<SectionCharacteristicsDescriptor  namespace="http://www.ed-fi.org/Descriptor/SectionCharacteristicsDescriptor.xml">
		<CodeValue>HomeBased</CodeValue>
		<ShortDescription>HomeBased</ShortDescription>
		<Description>Home based</Description>
	</SectionCharacteristicsDescriptor>
	<SectionCharacteristicsDescriptor  namespace="http://www.ed-fi.org/Descriptor/SectionCharacteristicsDescriptor.xml">
		<CodeValue>NA</CodeValue>
		<ShortDescription>NA</ShortDescription>
		<Description>Not applicable</Description>
	</SectionCharacteristicsDescriptor>
</InterchangeDescriptors>
