<?xml version="1.0" encoding="UTF-8"?>
<InterchangeDescriptors xsi:schemaLocation="http://ed-fi.org/0120 
../../../Ed-Fi-Core/Ed-Fi-Standard/Schemas/Interchange-Descriptors.xsd" xmlns="http://ed-fi.org/0120" xmlns:xsi="http://www.w3.org/2001/XMLSchema-instance">
	<SeparationReasonDescriptor namespace="http://www.ed-fi.org/CEDSDescriptor/SeparationReasonDescriptor.xml">
		<CodeValue>01391</CodeValue>
		<ShortDescription>01391</ShortDescription>
		<Description>Change of assignment</Description>
		<SeparationReasonMap>Change of assignment</SeparationReasonMap>
	</SeparationReasonDescriptor>
	<SeparationReasonDescriptor namespace="http://www.ed-fi.org/CEDSDescriptor/SeparationReasonDescriptor.xml">
		<CodeValue>01404</CodeValue>
		<ShortDescription>01404</ShortDescription>
		<Description>Death</Description>
		<SeparationReasonMap>Illness/disability/death</SeparationReasonMap>
	</SeparationReasonDescriptor>
	<SeparationReasonDescriptor namespace="http://www.ed-fi.org/CEDSDescriptor/SeparationReasonDescriptor.xml">
		<CodeValue>01401</CodeValue>
		<ShortDescription>01401</ShortDescription>
		<Description>Discharge due to a falsified application form</Description>
		<SeparationReasonMap>Discharge</SeparationReasonMap>
	</SeparationReasonDescriptor>
	<SeparationReasonDescriptor namespace="http://www.ed-fi.org/CEDSDescriptor/SeparationReasonDescriptor.xml">
		<CodeValue>01400</CodeValue>
		<ShortDescription>01400</ShortDescription>
		<Description>Discharge due to continued absence or tardiness</Description>
		<SeparationReasonMap>Discharge</SeparationReasonMap>
	</SeparationReasonDescriptor>
	<SeparationReasonDescriptor namespace="http://www.ed-fi.org/CEDSDescriptor/SeparationReasonDescriptor.xml">
		<CodeValue>01402</CodeValue>
		<ShortDescription>01402</ShortDescription>
		<Description>Discharge due to credential revoked or suspended</Description>
		<SeparationReasonMap>Discharge</SeparationReasonMap>
	</SeparationReasonDescriptor>
	<SeparationReasonDescriptor namespace="http://www.ed-fi.org/CEDSDescriptor/SeparationReasonDescriptor.xml">
		<CodeValue>01399</CodeValue>
		<ShortDescription>01399</ShortDescription>
		<Description>Discharge due to misconduct</Description>
		<SeparationReasonMap>Discharge</SeparationReasonMap>
	</SeparationReasonDescriptor>
	<SeparationReasonDescriptor namespace="http://www.ed-fi.org/CEDSDescriptor/SeparationReasonDescriptor.xml">
		<CodeValue>01403</CodeValue>
		<ShortDescription>01403</ShortDescription>
		<Description>Discharge due to unsatisfactory work performance</Description>
		<SeparationReasonMap>Discharge</SeparationReasonMap>
	</SeparationReasonDescriptor>
	<SeparationReasonDescriptor namespace="http://www.ed-fi.org/CEDSDescriptor/SeparationReasonDescriptor.xml">
		<CodeValue>01398</CodeValue>
		<ShortDescription>01398</ShortDescription>
		<Description>Discharge due to unsuitability</Description>
		<SeparationReasonMap>Discharge</SeparationReasonMap>
	</SeparationReasonDescriptor>
	<SeparationReasonDescriptor namespace="http://www.ed-fi.org/CEDSDescriptor/SeparationReasonDescriptor.xml">
		<CodeValue>01387</CodeValue>
		<ShortDescription>01387</ShortDescription>
		<Description>Employment in education</Description>
		<SeparationReasonMap>Employment elsewhere</SeparationReasonMap>
	</SeparationReasonDescriptor>
	<SeparationReasonDescriptor namespace="http://www.ed-fi.org/CEDSDescriptor/SeparationReasonDescriptor.xml">
		<CodeValue>01388</CodeValue>
		<ShortDescription>01388</ShortDescription>
		<Description>Employment outside of education</Description>
		<SeparationReasonMap>Employment elsewhere</SeparationReasonMap>
	</SeparationReasonDescriptor>
	<SeparationReasonDescriptor namespace="http://www.ed-fi.org/CEDSDescriptor/SeparationReasonDescriptor.xml">
		<CodeValue>01390</CodeValue>
		<ShortDescription>01390</ShortDescription>
		<Description>Family/personal relocation</Description>
		<SeparationReasonMap>Family/personal relocation</SeparationReasonMap>
	</SeparationReasonDescriptor>
	<SeparationReasonDescriptor namespace="http://www.ed-fi.org/CEDSDescriptor/SeparationReasonDescriptor.xml">
		<CodeValue>01392</CodeValue>
		<ShortDescription>01392</ShortDescription>
		<Description>Formal study or research</Description>
		<SeparationReasonMap>Formal study or research</SeparationReasonMap>
	</SeparationReasonDescriptor>
	<SeparationReasonDescriptor namespace="http://www.ed-fi.org/CEDSDescriptor/SeparationReasonDescriptor.xml">
		<CodeValue>01394</CodeValue>
		<ShortDescription>01394</ShortDescription>
		<Description>Homemaking/caring for a family member</Description>
		<SeparationReasonMap>Personal reason</SeparationReasonMap>
	</SeparationReasonDescriptor>
	<SeparationReasonDescriptor namespace="http://www.ed-fi.org/CEDSDescriptor/SeparationReasonDescriptor.xml">
		<CodeValue>01393</CodeValue>
		<ShortDescription>01393</ShortDescription>
		<Description>Illness/disability</Description>
		<SeparationReasonMap>Illness/disability/death</SeparationReasonMap>
	</SeparationReasonDescriptor>
	<SeparationReasonDescriptor namespace="http://www.ed-fi.org/CEDSDescriptor/SeparationReasonDescriptor.xml">
		<CodeValue>01406</CodeValue>
		<ShortDescription>01406</ShortDescription>
		<Description>Lay off due to lack of funding</Description>
		<SeparationReasonMap>Layoff</SeparationReasonMap>
	</SeparationReasonDescriptor>
	<SeparationReasonDescriptor namespace="http://www.ed-fi.org/CEDSDescriptor/SeparationReasonDescriptor.xml">
		<CodeValue>01395</CodeValue>
		<ShortDescription>01395</ShortDescription>
		<Description>Layoff due to budgetary reduction</Description>
		<SeparationReasonMap>Layoff</SeparationReasonMap>
	</SeparationReasonDescriptor>
	<SeparationReasonDescriptor namespace="http://www.ed-fi.org/CEDSDescriptor/SeparationReasonDescriptor.xml">
		<CodeValue>01397</CodeValue>
		<ShortDescription>01397</ShortDescription>
		<Description>Layoff due to decreased workload</Description>
		<SeparationReasonMap>Layoff</SeparationReasonMap>
	</SeparationReasonDescriptor>
	<SeparationReasonDescriptor namespace="http://www.ed-fi.org/CEDSDescriptor/SeparationReasonDescriptor.xml">
		<CodeValue>01396</CodeValue>
		<ShortDescription>01396</ShortDescription>
		<Description>Layoff due to organizational restructuring</Description>
		<SeparationReasonMap>Layoff</SeparationReasonMap>
	</SeparationReasonDescriptor>
	<SeparationReasonDescriptor namespace="http://www.ed-fi.org/CEDSDescriptor/SeparationReasonDescriptor.xml">
		<CodeValue>01407</CodeValue>
		<ShortDescription>01407</ShortDescription>
		<Description>Lost credential</Description>
		<SeparationReasonMap>Other</SeparationReasonMap>
	</SeparationReasonDescriptor>
	<SeparationReasonDescriptor namespace="http://www.ed-fi.org/CEDSDescriptor/SeparationReasonDescriptor.xml">
		<CodeValue>09999</CodeValue>
		<ShortDescription>09999</ShortDescription>
		<Description>Other</Description>
		<SeparationReasonMap>Other</SeparationReasonMap>
	</SeparationReasonDescriptor>
	<SeparationReasonDescriptor namespace="http://www.ed-fi.org/CEDSDescriptor/SeparationReasonDescriptor.xml">
		<CodeValue>01405</CodeValue>
		<ShortDescription>01405</ShortDescription>
		<Description>Personal reason</Description>
		<SeparationReasonMap>Personal reason</SeparationReasonMap>
	</SeparationReasonDescriptor>
	<SeparationReasonDescriptor namespace="http://www.ed-fi.org/CEDSDescriptor/SeparationReasonDescriptor.xml">
		<CodeValue>01389</CodeValue>
		<ShortDescription>01389</ShortDescription>
		<Description>Retirement</Description>
		<SeparationReasonMap>Retirement</SeparationReasonMap>
	</SeparationReasonDescriptor>
	<SeparationReasonDescriptor namespace="http://www.ed-fi.org/CEDSDescriptor/SeparationReasonDescriptor.xml">
		<CodeValue>09997</CodeValue>
		<ShortDescription>09997</ShortDescription>
		<Description>Unknown</Description>
		<SeparationReasonMap>Unknown</SeparationReasonMap>
	</SeparationReasonDescriptor>
</InterchangeDescriptors>
