<?xml version="1.0" encoding="UTF-8"?>
<InterchangeDescriptors xsi:schemaLocation="http://ed-fi.org/0120 
../../../Ed-Fi-Core/Ed-Fi-Standard/Schemas/Interchange-Descriptors.xsd" xmlns="http://ed-fi.org/0120" xmlns:xsi="http://www.w3.org/2001/XMLSchema-instance">
	<ServiceDescriptor namespace="http://www.ed-fi.org/Descriptor/ServiceDescriptor.xml">
		<ShortDescription>Service 1</ShortDescription>
		<Description>Service 1</Description>
		<EffectiveBeginDate>2012-08-01</EffectiveBeginDate>
		<EffectiveEndDate>2012-12-31</EffectiveEndDate>
	</ServiceDescriptor>
	<ServiceDescriptor namespace="http://www.ed-fi.org/Descriptor/ServiceDescriptor.xml">
		<ShortDescription>Service 2</ShortDescription>
		<Description>Service 2</Description>
		<EffectiveBeginDate>2012-08-01</EffectiveBeginDate>
		<EffectiveEndDate>2012-12-31</EffectiveEndDate>
	</ServiceDescriptor>
</InterchangeDescriptors>
