<?xml version="1.0" encoding="UTF-8"?>
<InterchangeDescriptors xmlns="http://ed-fi.org/0120" xmlns:xsi="http://www.w3.org/2001/XMLSchema-instance" xsi:schemaLocation="http://ed-fi.org/0120 
../../../Ed-Fi-Core/Ed-Fi-Standard/Schemas/Interchange-Descriptors.xsd">
	<StaffClassificationDescriptor namespace="http://www.ed-fi.org/CEDSDescriptor/StaffClassificationDescriptor.xml">
		<ShortDescription>AdministrativeSupportStaff</ShortDescription>
		<Description>Administrative Support Staff</Description>
		<StaffClassificationMap>Operational Support</StaffClassificationMap>
	</StaffClassificationDescriptor>
	<StaffClassificationDescriptor namespace="http://www.ed-fi.org/CEDSDescriptor/StaffClassificationDescriptor.xml">
		<ShortDescription>Administrators</ShortDescription>
		<Description>Administrators</Description>
		<StaffClassificationMap>School Administrator</StaffClassificationMap>
	</StaffClassificationDescriptor>
	<StaffClassificationDescriptor namespace="http://www.ed-fi.org/CEDSDescriptor/StaffClassificationDescriptor.xml">
		<ShortDescription>AllOtherSupportStaff</ShortDescription>
		<Description>All Other Support Staff</Description>
		<StaffClassificationMap>Support Services Staff</StaffClassificationMap>
	</StaffClassificationDescriptor>
	<StaffClassificationDescriptor namespace="http://www.ed-fi.org/CEDSDescriptor/StaffClassificationDescriptor.xml">
		<ShortDescription>BehavioralSpecialists</ShortDescription>
		<Description>Behavioral Specialists</Description>
		<StaffClassificationMap>Counselor</StaffClassificationMap>
	</StaffClassificationDescriptor>
	<StaffClassificationDescriptor namespace="http://www.ed-fi.org/CEDSDescriptor/StaffClassificationDescriptor.xml">
		<ShortDescription>ELAssistantTeachers</ShortDescription>
		<Description>Early Leaning Assistant Teachers</Description>
		<StaffClassificationMap>Other</StaffClassificationMap>
	</StaffClassificationDescriptor>
	<StaffClassificationDescriptor namespace="http://www.ed-fi.org/CEDSDescriptor/StaffClassificationDescriptor.xml">
		<ShortDescription>ELTeachers</ShortDescription>
		<Description>Early Learning Teachers</Description>
		<StaffClassificationMap>Teacher</StaffClassificationMap>
	</StaffClassificationDescriptor>
	<StaffClassificationDescriptor namespace="http://www.ed-fi.org/CEDSDescriptor/StaffClassificationDescriptor.xml">
		<ShortDescription>ElementaryTeachers</ShortDescription>
		<Description>Elementary Teachers</Description>
		<StaffClassificationMap>Teacher</StaffClassificationMap>
	</StaffClassificationDescriptor>
	<StaffClassificationDescriptor namespace="http://www.ed-fi.org/CEDSDescriptor/StaffClassificationDescriptor.xml">
		<ShortDescription>FamilyServiceWorkers</ShortDescription>
		<Description>Family Service Workers</Description>
		<StaffClassificationMap>Other</StaffClassificationMap>
	</StaffClassificationDescriptor>
	<StaffClassificationDescriptor namespace="http://www.ed-fi.org/CEDSDescriptor/StaffClassificationDescriptor.xml">
		<ShortDescription>HealthSpecialists</ShortDescription>
		<Description>Health Specialists</Description>
		<StaffClassificationMap>School Specialist</StaffClassificationMap>
	</StaffClassificationDescriptor>
	<StaffClassificationDescriptor namespace="http://www.ed-fi.org/CEDSDescriptor/StaffClassificationDescriptor.xml">
		<ShortDescription>HomeVisitors</ShortDescription>
		<Description>Home Visitors</Description>
		<StaffClassificationMap>Other</StaffClassificationMap>
	</StaffClassificationDescriptor>
	<StaffClassificationDescriptor namespace="http://www.ed-fi.org/CEDSDescriptor/StaffClassificationDescriptor.xml">
		<ShortDescription>InstructionalCoordinators</ShortDescription>
		<Description>Instructional Coordinators</Description>
		<StaffClassificationMap>Instructional Coordinator</StaffClassificationMap>
	</StaffClassificationDescriptor>
	<StaffClassificationDescriptor namespace="http://www.ed-fi.org/CEDSDescriptor/StaffClassificationDescriptor.xml">
		<ShortDescription>KindergartenTeachers</ShortDescription>
		<Description>Kindergarten Teachers</Description>
		<StaffClassificationMap>Teacher</StaffClassificationMap>
	</StaffClassificationDescriptor>
	<StaffClassificationDescriptor namespace="http://www.ed-fi.org/CEDSDescriptor/StaffClassificationDescriptor.xml">
		<ShortDescription>LibraryMediaSpecialists</ShortDescription>
		<Description>Librarians/Media Specialists</Description>
		<StaffClassificationMap>Librarians/Media Specialists</StaffClassificationMap>
	</StaffClassificationDescriptor>
	<StaffClassificationDescriptor namespace="http://www.ed-fi.org/CEDSDescriptor/StaffClassificationDescriptor.xml">
		<ShortDescription>LibraryMediaSupportStaff</ShortDescription>
		<Description>Library/Media Support Staff</Description>
		<StaffClassificationMap>Librarians/Media Specialists</StaffClassificationMap>
	</StaffClassificationDescriptor>
	<StaffClassificationDescriptor namespace="http://www.ed-fi.org/CEDSDescriptor/StaffClassificationDescriptor.xml">
		<ShortDescription>MentalHealthSpecialists</ShortDescription>
		<Description>Mental Health Specialists</Description>
		<StaffClassificationMap>School Specialist</StaffClassificationMap>
	</StaffClassificationDescriptor>
	<StaffClassificationDescriptor namespace="http://www.ed-fi.org/CEDSDescriptor/StaffClassificationDescriptor.xml">
		<ShortDescription>NutritionSpecialists</ShortDescription>
		<Description>Nutrition Specialists</Description>
		<StaffClassificationMap>School Specialist</StaffClassificationMap>
	</StaffClassificationDescriptor>
	<StaffClassificationDescriptor namespace="http://www.ed-fi.org/CEDSDescriptor/StaffClassificationDescriptor.xml">
		<ShortDescription>Paraprofessionals</ShortDescription>
		<Description>Paraprofessionals</Description>
		<StaffClassificationMap>Other</StaffClassificationMap>
	</StaffClassificationDescriptor>
	<StaffClassificationDescriptor namespace="http://www.ed-fi.org/CEDSDescriptor/StaffClassificationDescriptor.xml">
		<ShortDescription>PartCEarlyInterventionists</ShortDescription>
		<Description>Part C Early Interventionists</Description>
		<StaffClassificationMap>Other</StaffClassificationMap>
	</StaffClassificationDescriptor>
	<StaffClassificationDescriptor namespace="http://www.ed-fi.org/CEDSDescriptor/StaffClassificationDescriptor.xml">
		<ShortDescription>PartCServiceCoordinators</ShortDescription>
		<Description>Part C Service Coordinators</Description>
		<StaffClassificationMap>Other</StaffClassificationMap>
	</StaffClassificationDescriptor>
	<StaffClassificationDescriptor namespace="http://www.ed-fi.org/CEDSDescriptor/StaffClassificationDescriptor.xml">
		<ShortDescription>SchoolCounselors</ShortDescription>
		<Description>School Counselors</Description>
		<StaffClassificationMap>Counselor</StaffClassificationMap>
	</StaffClassificationDescriptor>
	<StaffClassificationDescriptor namespace="http://www.ed-fi.org/CEDSDescriptor/StaffClassificationDescriptor.xml">
		<ShortDescription>SecondaryTeachers</ShortDescription>
		<Description>Secondary Teachers</Description>
		<StaffClassificationMap>Teacher</StaffClassificationMap>
	</StaffClassificationDescriptor>
	<StaffClassificationDescriptor namespace="http://www.ed-fi.org/CEDSDescriptor/StaffClassificationDescriptor.xml">
		<ShortDescription>SocialWorkers</ShortDescription>
		<Description>Social Workers</Description>
		<StaffClassificationMap>Other</StaffClassificationMap>
	</StaffClassificationDescriptor>
	<StaffClassificationDescriptor namespace="http://www.ed-fi.org/CEDSDescriptor/StaffClassificationDescriptor.xml">
		<ShortDescription>SpecialEducationTeachers</ShortDescription>
		<Description>Special Education Teachers</Description>
		<StaffClassificationMap>Teacher</StaffClassificationMap>
	</StaffClassificationDescriptor>
	<StaffClassificationDescriptor namespace="http://www.ed-fi.org/CEDSDescriptor/StaffClassificationDescriptor.xml">
		<ShortDescription>SpecialNeedsSpecialists</ShortDescription>
		<Description>Special Needs Specialists</Description>
		<StaffClassificationMap>School Specialist</StaffClassificationMap>
	</StaffClassificationDescriptor>
	<StaffClassificationDescriptor namespace="http://www.ed-fi.org/CEDSDescriptor/StaffClassificationDescriptor.xml">
		<ShortDescription>StudentSupportServicesStaff</ShortDescription>
		<Description>Student Support Services Staff</Description>
		<StaffClassificationMap>Support Services Staff</StaffClassificationMap>
	</StaffClassificationDescriptor>
	<StaffClassificationDescriptor namespace="http://www.ed-fi.org/CEDSDescriptor/StaffClassificationDescriptor.xml">
		<ShortDescription>UngradedTeachers</ShortDescription>
		<Description>Ungraded Teachers</Description>
		<StaffClassificationMap>Teacher</StaffClassificationMap>
	</StaffClassificationDescriptor>
</InterchangeDescriptors>
