<?xml version="1.0" encoding="UTF-8"?>
<InterchangeDescriptors xsi:schemaLocation="http://ed-fi.org/0120 
../../../Ed-Fi-Core/Ed-Fi-Standard/Schemas/Interchange-Descriptors.xsd" xmlns="http://ed-fi.org/0120" xmlns:xsi="http://www.w3.org/2001/XMLSchema-instance">
	<TeachingCredentialTypeDescriptor namespace="http://www.ed-fi.org/CEDSDescriptor/TeachingCredentialTypeDescriptor.xml">
		<ShortDescription>Emergency</ShortDescription>
		<Description>Emergency</Description>
		<TeachingCredentialTypeMap>Emergency</TeachingCredentialTypeMap>
	</TeachingCredentialTypeDescriptor>
	<TeachingCredentialTypeDescriptor namespace="http://www.ed-fi.org/CEDSDescriptor/TeachingCredentialTypeDescriptor.xml">
		<ShortDescription>Intern</ShortDescription>
		<Description>Intern</Description>
		<TeachingCredentialTypeMap>Intern</TeachingCredentialTypeMap>
	</TeachingCredentialTypeDescriptor>
	<TeachingCredentialTypeDescriptor namespace="http://www.ed-fi.org/CEDSDescriptor/TeachingCredentialTypeDescriptor.xml">
		<ShortDescription>Master</ShortDescription>
		<Description>Master</Description>
		<TeachingCredentialTypeMap>Master</TeachingCredentialTypeMap>
	</TeachingCredentialTypeDescriptor>
	<TeachingCredentialTypeDescriptor namespace="http://www.ed-fi.org/CEDSDescriptor/TeachingCredentialTypeDescriptor.xml">
		<ShortDescription>Nonrenewable</ShortDescription>
		<Description>Nonrenewable</Description>
		<TeachingCredentialTypeMap>Nonrenewable</TeachingCredentialTypeMap>
	</TeachingCredentialTypeDescriptor>
	<TeachingCredentialTypeDescriptor namespace="http://www.ed-fi.org/CEDSDescriptor/TeachingCredentialTypeDescriptor.xml">
		<ShortDescription>Probationary</ShortDescription>
		<Description>Probationary/initial</Description>
		<TeachingCredentialTypeMap>Probationary/Initial</TeachingCredentialTypeMap>
	</TeachingCredentialTypeDescriptor>
	<TeachingCredentialTypeDescriptor namespace="http://www.ed-fi.org/CEDSDescriptor/TeachingCredentialTypeDescriptor.xml">
		<ShortDescription>Professional</ShortDescription>
		<Description>Professional</Description>
		<TeachingCredentialTypeMap>Professional</TeachingCredentialTypeMap>
	</TeachingCredentialTypeDescriptor>
	<TeachingCredentialTypeDescriptor namespace="http://www.ed-fi.org/CEDSDescriptor/TeachingCredentialTypeDescriptor.xml">
		<ShortDescription>Provisional</ShortDescription>
		<Description>Provisional</Description>
		<TeachingCredentialTypeMap>Provisional</TeachingCredentialTypeMap>
	</TeachingCredentialTypeDescriptor>
	<TeachingCredentialTypeDescriptor namespace="http://www.ed-fi.org/CEDSDescriptor/TeachingCredentialTypeDescriptor.xml">
		<ShortDescription>Regular</ShortDescription>
		<Description>Regular/standard</Description>
		<TeachingCredentialTypeMap>Regular/Standard</TeachingCredentialTypeMap>
	</TeachingCredentialTypeDescriptor>
	<TeachingCredentialTypeDescriptor namespace="http://www.ed-fi.org/CEDSDescriptor/TeachingCredentialTypeDescriptor.xml">
		<ShortDescription>Retired</ShortDescription>
		<Description>Retired</Description>
		<TeachingCredentialTypeMap>Retired</TeachingCredentialTypeMap>
	</TeachingCredentialTypeDescriptor>
	<TeachingCredentialTypeDescriptor namespace="http://www.ed-fi.org/CEDSDescriptor/TeachingCredentialTypeDescriptor.xml">
		<ShortDescription>Specialist</ShortDescription>
		<Description>Specialist</Description>
		<TeachingCredentialTypeMap>Specialist</TeachingCredentialTypeMap>
	</TeachingCredentialTypeDescriptor>
	<TeachingCredentialTypeDescriptor namespace="http://www.ed-fi.org/CEDSDescriptor/TeachingCredentialTypeDescriptor.xml">
		<ShortDescription>Substitute</ShortDescription>
		<Description>Substitute</Description>
		<TeachingCredentialTypeMap>Substitute</TeachingCredentialTypeMap>
	</TeachingCredentialTypeDescriptor>
	<TeachingCredentialTypeDescriptor namespace="http://www.ed-fi.org/CEDSDescriptor/TeachingCredentialTypeDescriptor.xml">
		<ShortDescription>TeacherAssistant</ShortDescription>
		<Description>Teacher assistant</Description>
		<TeachingCredentialTypeMap>Teacher Assistant</TeachingCredentialTypeMap>
	</TeachingCredentialTypeDescriptor>
	<TeachingCredentialTypeDescriptor namespace="http://www.ed-fi.org/CEDSDescriptor/TeachingCredentialTypeDescriptor.xml">
		<ShortDescription>Temporary</ShortDescription>
		<Description>Temporary</Description>
		<TeachingCredentialTypeMap>Temporary</TeachingCredentialTypeMap>
	</TeachingCredentialTypeDescriptor>
	<TeachingCredentialTypeDescriptor namespace="http://www.ed-fi.org/CEDSDescriptor/TeachingCredentialTypeDescriptor.xml">
		<ShortDescription>09999</ShortDescription>
		<Description>Other</Description>
		<TeachingCredentialTypeMap>Other</TeachingCredentialTypeMap>
	</TeachingCredentialTypeDescriptor>
</InterchangeDescriptors>
